pair_id,mention_a,mention_b,surface_a,surface_b,kind_a,kind_b,domain_a,domain_b,passage_a,passage_b,f_name_sim,f_part_sim,f_same_domain,f_emb_cos,f_temporal,theta_cold,bucket,run_db,label
04963d8486bef18d,066f617b6c538538:post_money:80880c35:A,066f617b6c538538:post_money:a04dded1:A,Uber,Uber,funding_round/series_f,funding_round/unknown,app.dealroom.co,app.dealroom.co,$1.0b Valuation: $50.0b 100.9x EV/Revenue | Series F,$2.1b Valuation: $62.5b 126.2x EV/Revenue | Growth Equity VC,1.000000,1.000000,1.000000,1.000000,1.000000,1.000000,easy_pos,data/runs/cal_uber_01.sqlite,0
4325de1e981def11,066f617b6c538538:post_money:80880c35:A,066f617b6c538538:post_money:e8e113c2:A,Uber,Uber,funding_round/series_f,funding_round/unknown,app.dealroom.co,app.dealroom.co,$1.0b Valuation: $50.0b 100.9x EV/Revenue | Series F,$500m Valuation: $78.8b 5.6x EV/Revenue -10.0x EV/EBITDA | Late VC,1.000000,1.000000,1.000000,1.000000,1.000000,1.000000,easy_pos,data/runs/cal_uber_01.sqlite,0
b9fe75f79aa39211,066f617b6c538538:post_money:80880c35:A,066f617b6c538538:post_money:f1ec4aca:A,Uber,Uber,funding_round/series_f,funding_round/series_e,app.dealroom.co,app.dealroom.co,$1.0b Valuation: $50.0b 100.9x EV/Revenue | Series F,$1.0b Valuation: $40.0b 80.8x EV/Revenue | Series E,1.000000,1.000000,1.000000,1.000000,1.000000,1.000000,easy_pos,data/runs/cal_uber_01.sqlite,0
5c48767cc87bda5f,066f617b6c538538:post_money:b0442cd3:A,066f617b6c538538:post_money:e8e113c2:A,Uber,Uber,funding_round/unknown,funding_round/unknown,app.dealroom.co,app.dealroom.co,$500m Valuation: $72.0b 6.9x EV/Revenue 30.2x EV/EBITDA | Late VC,$500m Valuation: $78.8b 5.6x EV/Revenue -10.0x EV/EBITDA | Late VC,1.000000,1.000000,1.000000,1.000000,1.000000,1.000000,easy_pos,data/runs/cal_uber_01.sqlite,0
d5e1f68de57a160a,3786ee5a1a2d35c0:amount:3e2a8e64:A,3786ee5a1a2d35c0:amount:8467c681:A,Uber,Uber,funding_round/seed,funding_round/unknown,www.businessinsider.com,www.businessinsider.com,Uber raised a $1.57 million seed funding round,"its most recent round, a $1.25 billion Series G1 led by SoftBank",1.000000,1.000000,1.000000,1.000000,1.000000,1.000000,easy_pos,data/runs/cal_uber_01.sqlite,0
1bb024ae65156ade,3786ee5a1a2d35c0:amount:3e2a8e64:A,c1654b43f9299ff7:post_money:3ca20954:A,Uber,Uber,funding_round/seed,funding_round/series_g,www.businessinsider.com,techcrunch.com,Uber raised a $1.57 million seed funding round,could value the company has high as $64.6 billion if all the shares are issued,1.000000,1.000000,0.000000,1.000000,0.540456,0.854046,easy_pos,data/runs/cal_uber_01.sqlite,0
592a9b89f1364712,3786ee5a1a2d35c0:amount:3e2a8e64:A,c1654b43f9299ff7:shares_issued:d2dc67dd:A,Uber,Uber,funding_round/seed,funding_round/series_g,www.businessinsider.com,techcrunch.com,Uber raised a $1.57 million seed funding round,"there are 43,057,291 shares of preferred Series G stock being issued",1.000000,1.000000,0.000000,1.000000,0.540456,0.854046,easy_pos,data/runs/cal_uber_01.sqlite,0
42b4227c09f4a6cf,3786ee5a1a2d35c0:post_money:eefda238:A,753c3ba0aa465426:post_money:83588cbf:A,Uber,Uber,funding_round/unknown,funding_round/unknown,www.businessinsider.com,www.theguardian.com,Investors in its most recent round ... bought their shares at a $68.33 billion valuation.,...reportedly invested $3m in a 2011 funding round that valued the company at $346.5m.,1.000000,1.000000,0.000000,1.000000,0.931245,0.893125,easy_pos,data/runs/cal_uber_01.sqlite,0
0d7280e10479e7a0,3786ee5a1a2d35c0:post_money:eefda238:A,8c1dd5ba21d56491:post_money:9096eae5:A,Uber,Uber,funding_round/unknown,funding_round/unknown,www.businessinsider.com,www.businessinsider.com,Investors in its most recent round ... bought their shares at a $68.33 billion valuation.,Uber is one of the most valuable private tech companies in the world with a $41 billion post-money valuation.,1.000000,1.000000,1.000000,1.000000,0.461557,0.946156,easy_pos,data/runs/cal_uber_01.sqlite,0
7c585dc5dddfb634,49fe1629234520f6:post_money:9268083a:A,7654c0c68b66dc39:investor:edd3f02b:A,Uber,Uber,funding_round/series_f,funding_round/series_c,en.wikipedia.org,techcrunch.com,raising $1 billion at a $50 billion pre-money valuation (so a $51 billion post-money valuation).,"We and Kara Swisher have both confirmed that Google Ventures is the largest investor in the round, pumping $257.79 million into the car service.",1.000000,1.000000,0.000000,1.000000,0.701125,0.870113,easy_pos,data/runs/cal_uber_01.sqlite,0
9360cb428574b289,49fe1629234520f6:post_money:9268083a:A,7654c0c68b66dc39:pre_money:bdb29a9a:A,Uber,Uber,funding_round/series_f,funding_round/series_c,en.wikipedia.org,techcrunch.com,raising $1 billion at a $50 billion pre-money valuation (so a $51 billion post-money valuation).,The round values Uber at around $3.4 billion pre-money and $3.76 billion post.,1.000000,1.000000,0.000000,1.000000,0.701125,0.870113,easy_pos,data/runs/cal_uber_01.sqlite,0
a86b018c91ca8caf,49fe1629234520f6:post_money:9268083a:A,c1654b43f9299ff7:post_money:3ca20954:A,Uber,Uber,funding_round/series_f,funding_round/series_g,en.wikipedia.org,techcrunch.com,raising $1 billion at a $50 billion pre-money valuation (so a $51 billion post-money valuation).,could value the company has high as $64.6 billion if all the shares are issued,1.000000,1.000000,0.000000,1.000000,0.903599,0.890360,easy_pos,data/runs/cal_uber_01.sqlite,0
acbb1337a99938a2,49fe1629234520f6:post_money:9268083a:A,c1654b43f9299ff7:price_per_share:2f20f3ac:A,Uber,Uber,funding_round/series_f,funding_round/series_g,en.wikipedia.org,techcrunch.com,raising $1 billion at a $50 billion pre-money valuation (so a $51 billion post-money valuation).,at $48.772228/share,1.000000,1.000000,0.000000,1.000000,0.903599,0.890360,easy_pos,data/runs/cal_uber_01.sqlite,0
22d2037c7587c9b5,753c3ba0aa465426:post_money:83588cbf:A,fa703c06cd7450fb:amount:1674ae2b:A,Uber,Uber,funding_round/unknown,funding_round/unknown,www.theguardian.com,www.cnbc.com,...reportedly invested $3m in a 2011 funding round that valued the company at $346.5m.,"The company is offering 180 million shares of common stock, which means it could raise around $8.1 billion on Friday",1.000000,1.000000,0.000000,1.000000,1.000000,0.900000,easy_pos,data/runs/cal_uber_01.sqlite,0
ad4181132758eee5,753c3ba0aa465426:post_money:83588cbf:A,fa703c06cd7450fb:post_money:5bcccdd4:A,Uber,Uber,funding_round/unknown,funding_round/unknown,www.theguardian.com,www.cnbc.com,...reportedly invested $3m in a 2011 funding round that valued the company at $346.5m.,"On a fully diluted basis, Uber has an implied market valuation of $82.4 billion.",1.000000,1.000000,0.000000,1.000000,1.000000,0.900000,easy_pos,data/runs/cal_uber_01.sqlite,0
14452e6d2040390a,7654c0c68b66dc39:investor:7f4e5335:A,7654c0c68b66dc39:pre_money:bdb29a9a:A,Uber,Uber,funding_round/series_c,funding_round/series_c,techcrunch.com,techcrunch.com,"It’s unknown why TPG, which picked up 775,092 shares, paid a lower per-share price than the other participants.",The round values Uber at around $3.4 billion pre-money and $3.76 billion post.,1.000000,1.000000,1.000000,1.000000,1.000000,1.000000,easy_pos,data/runs/cal_uber_01.sqlite,1
bf849bb7eb734a57,7654c0c68b66dc39:investor:8d0dc6a3:A,7654c0c68b66dc39:investor:edd3f02b:A,Uber,Uber,funding_round/series_c,funding_round/series_c,techcrunch.com,techcrunch.com,Existing investor Benchmark put in another $15 million in this round.,"We and Kara Swisher have both confirmed that Google Ventures is the largest investor in the round, pumping $257.79 million into the car service.",1.000000,1.000000,1.000000,1.000000,1.000000,1.000000,easy_pos,data/runs/cal_uber_01.sqlite,1
fa44608c6ce47755,7654c0c68b66dc39:investor:8d0dc6a3:A,c1654b43f9299ff7:price_per_share:2f20f3ac:A,Uber,Uber,funding_round/series_c,funding_round/series_g,techcrunch.com,techcrunch.com,Existing investor Benchmark put in another $15 million in this round.,at $48.772228/share,1.000000,1.000000,1.000000,1.000000,0.633536,0.963354,easy_pos,data/runs/cal_uber_01.sqlite,0
80dd6d9fccef5c15,7654c0c68b66dc39:investor:edd3f02b:A,7654c0c68b66dc39:pre_money:bdb29a9a:A,Uber,Uber,funding_round/series_c,funding_round/series_c,techcrunch.com,techcrunch.com,"We and Kara Swisher have both confirmed that Google Ventures is the largest investor in the round, pumping $257.79 million into the car service.",The round values Uber at around $3.4 billion pre-money and $3.76 billion post.,1.000000,1.000000,1.000000,1.000000,1.000000,1.000000,easy_pos,data/runs/cal_uber_01.sqlite,1
b971a1d7204ad797,7654c0c68b66dc39:investor:edd3f02b:A,7c7d4aa1bf094082:post_money:4fe944ed:A,Uber,Uber,funding_round/series_c,funding_round/unknown,techcrunch.com,techcrunch.com,"We and Kara Swisher have both confirmed that Google Ventures is the largest investor in the round, pumping $257.79 million into the car service.",this latest round was made at a $40 billion valuation.,1.000000,1.000000,1.000000,1.000000,0.773379,0.977338,easy_pos,data/runs/cal_uber_01.sqlite,0
6e0e731ff3a91b1d,7654c0c68b66dc39:investor:edd3f02b:A,c1654b43f9299ff7:shares_issued:d2dc67dd:A,Uber,Uber,funding_round/series_c,funding_round/series_g,techcrunch.com,techcrunch.com,"We and Kara Swisher have both confirmed that Google Ventures is the largest investor in the round, pumping $257.79 million into the car service.","there are 43,057,291 shares of preferred Series G stock being issued",1.000000,1.000000,1.000000,1.000000,0.633536,0.963354,easy_pos,data/runs/cal_uber_01.sqlite,0
996699f165e4aa9a,7654c0c68b66dc39:investor:edd3f02b:A,daa51e318f827a5c:amount:7becbddd:A,Uber,Uber,funding_round/series_c,funding_round/unknown,techcrunch.com,sg.finance.yahoo.com,"We and Kara Swisher have both confirmed that Google Ventures is the largest investor in the round, pumping $257.79 million into the car service.","Reuters - Uber is in talks to sell more than $1 billion in convertible debt, a source familiar with the matter said, soon after the U.S. taxi service said it raised $1.2 billion in its latest funding round.",1.000000,1.000000,0.000000,1.000000,0.773379,0.877338,easy_pos,data/runs/cal_uber_01.sqlite,0
58da935fa034a1a6,7654c0c68b66dc39:investor_amount:0fd13e39:A,7654c0c68b66dc39:post_money:0d3f89ed:A,Uber,Uber,funding_round/series_c,funding_round/series_c,techcrunch.com,techcrunch.com,Existing investor Benchmark put in another $15 million in this round.,The round values Uber at around $3.4 billion pre-money and $3.76 billion post.,1.000000,1.000000,1.000000,1.000000,1.000000,1.000000,easy_pos,data/runs/cal_uber_01.sqlite,1
34a82e7f4ce3ffbc,7654c0c68b66dc39:investor_amount:0fd13e39:A,7c7d4aa1bf094082:post_money:4fe944ed:A,Uber,Uber,funding_round/series_c,funding_round/unknown,techcrunch.com,techcrunch.com,Existing investor Benchmark put in another $15 million in this round.,this latest round was made at a $40 billion valuation.,1.000000,1.000000,1.000000,1.000000,0.773379,0.977338,easy_pos,data/runs/cal_uber_01.sqlite,0
d0093aad69989140,7654c0c68b66dc39:investor_amount:0fd13e39:A,8f1161440dd600ca:pre_money:61eef522:A,Uber,Uber,funding_round/series_c,funding_round/unknown,techcrunch.com,techcrunch.com,Existing investor Benchmark put in another $15 million in this round.,that values the company at $17 billion pre-money,1.000000,1.000000,1.000000,1.000000,0.854014,0.985401,easy_pos,data/runs/cal_uber_01.sqlite,0
2a56eaea6c71708f,7654c0c68b66dc39:investor_amount:4ab85817:A,7654c0c68b66dc39:post_money:0d3f89ed:A,Uber,Uber,funding_round/series_c,funding_round/series_c,techcrunch.com,techcrunch.com,The late-stage investor plunked down a total of $88.4 million in Uber.,The round values Uber at around $3.4 billion pre-money and $3.76 billion post.,1.000000,1.000000,1.000000,1.000000,1.000000,1.000000,easy_pos,data/runs/cal_uber_01.sqlite,1
e554f09c809c7bd7,7654c0c68b66dc39:investor_amount:4ab85817:A,8c1dd5ba21d56491:post_money:9096eae5:A,Uber,Uber,funding_round/series_c,funding_round/unknown,techcrunch.com,www.businessinsider.com,The late-stage investor plunked down a total of $88.4 million in Uber.,Uber is one of the most valuable private tech companies in the world with a $41 billion post-money valuation.,1.000000,1.000000,0.000000,1.000000,0.741834,0.874183,easy_pos,data/runs/cal_uber_01.sqlite,0
18997c51c5950394,7654c0c68b66dc39:investor_amount:4ab85817:A,c1654b43f9299ff7:post_money:3ca20954:A,Uber,Uber,funding_round/series_c,funding_round/series_g,techcrunch.com,techcrunch.com,The late-stage investor plunked down a total of $88.4 million in Uber.,could value the company has high as $64.6 billion if all the shares are issued,1.000000,1.000000,1.000000,1.000000,0.633536,0.963354,easy_pos,data/runs/cal_uber_01.sqlite,0
02882a0654ed943c,7654c0c68b66dc39:post_money:0d3f89ed:A,daa51e318f827a5c:post_money:f2904d51:A,Uber,Uber,funding_round/series_c,funding_round/unknown,techcrunch.com,sg.finance.yahoo.com,The round values Uber at around $3.4 billion pre-money and $3.76 billion post.,"Uber was valued at $18.2 billion in June when it raised $1.2 billion from mutual funds and investors, including Fidelity Investments, Wellington Management and BlackRock.",1.000000,1.000000,0.000000,1.000000,0.773379,0.877338,easy_pos,data/runs/cal_uber_01.sqlite,0
22e1ee23911ac843,7654c0c68b66dc39:pre_money:bdb29a9a:A,8f1161440dd600ca:pre_money:61eef522:A,Uber,Uber,funding_round/series_c,funding_round/unknown,techcrunch.com,techcrunch.com,The round values Uber at around $3.4 billion pre-money and $3.76 billion post.,that values the company at $17 billion pre-money,1.000000,1.000000,1.000000,1.000000,0.854014,0.985401,easy_pos,data/runs/cal_uber_01.sqlite,0
c1305947c316e589,7654c0c68b66dc39:pre_money:bdb29a9a:A,c1654b43f9299ff7:post_money:3ca20954:A,Uber,Uber,funding_round/series_c,funding_round/series_g,techcrunch.com,techcrunch.com,The round values Uber at around $3.4 billion pre-money and $3.76 billion post.,could value the company has high as $64.6 billion if all the shares are issued,1.000000,1.000000,1.000000,1.000000,0.633536,0.963354,easy_pos,data/runs/cal_uber_01.sqlite,0
e15f8913c8451bc4,7654c0c68b66dc39:pre_money:bdb29a9a:A,c1654b43f9299ff7:price_per_share:2f20f3ac:A,Uber,Uber,funding_round/series_c,funding_round/series_g,techcrunch.com,techcrunch.com,The round values Uber at around $3.4 billion pre-money and $3.76 billion post.,at $48.772228/share,1.000000,1.000000,1.000000,1.000000,0.633536,0.963354,easy_pos,data/runs/cal_uber_01.sqlite,0
96f60a94c4050f1d,7654c0c68b66dc39:pre_money:bdb29a9a:A,daa51e318f827a5c:post_money:f2904d51:A,Uber,Uber,funding_round/series_c,funding_round/unknown,techcrunch.com,sg.finance.yahoo.com,The round values Uber at around $3.4 billion pre-money and $3.76 billion post.,"Uber was valued at $18.2 billion in June when it raised $1.2 billion from mutual funds and investors, including Fidelity Investments, Wellington Management and BlackRock.",1.000000,1.000000,0.000000,1.000000,0.773379,0.877338,easy_pos,data/runs/cal_uber_01.sqlite,0
80b9a5b719834f5e,8c1dd5ba21d56491:post_money:9096eae5:A,daa51e318f827a5c:amount:7becbddd:A,Uber,Uber,funding_round/unknown,funding_round/unknown,www.businessinsider.com,sg.finance.yahoo.com,Uber is one of the most valuable private tech companies in the world with a $41 billion post-money valuation.,"Reuters - Uber is in talks to sell more than $1 billion in convertible debt, a source familiar with the matter said, soon after the U.S. taxi service said it raised $1.2 billion in its latest funding round.",1.000000,1.000000,0.000000,1.000000,0.959211,0.895921,easy_pos,data/runs/cal_uber_01.sqlite,1
19b56f48548c57c1,8c1dd5ba21d56491:post_money:9096eae5:A,daa51e318f827a5c:amount:9d1726f5:A,Uber,Uber,funding_round/unknown,funding_round/unknown,www.businessinsider.com,sg.finance.yahoo.com,Uber is one of the most valuable private tech companies in the world with a $41 billion post-money valuation.,"Uber was valued at $18.2 billion in June when it raised $1.2 billion from mutual funds and investors, including Fidelity Investments, Wellington Management and BlackRock.",1.000000,1.000000,0.000000,1.000000,0.959211,0.895921,easy_pos,data/runs/cal_uber_01.sqlite,0
7eb8ab96c5747173,915d6a4115710641:pre_money:21429dbe:A,dd36e69f13867aa6:post_money:8e01e921:A,Uber,Uber,funding_round/seed,funding_round/series_a,ilyastrebulaev.substack.com,tracxn.com,starting with a Series Seed at a pre-money valuation of $3.86 million,"Feb 14, 2011 | $11M | Series A | $60M | - | ||",1.000000,1.000000,0.000000,1.000000,0.588041,0.858804,easy_pos,data/runs/cal_uber_01.sqlite,0
388825eeb86e3b24,915d6a4115710641:pre_money:21429dbe:A,dd36e69f13867aa6:post_money:a4712962:A,Uber,Uber,funding_round/seed,funding_round/series_e,ilyastrebulaev.substack.com,tracxn.com,starting with a Series Seed at a pre-money valuation of $3.86 million,"Dec 04, 2014 | $2.8B | Series E | $40B | - | ||",1.000000,1.000000,0.000000,1.000000,0.588041,0.858804,easy_pos,data/runs/cal_uber_01.sqlite,0
e5c4d295c60c6326,915d6a4115710641:pre_money:21429dbe:A,dd36e69f13867aa6:post_money:d30e4554:A,Uber,Uber,funding_round/seed,funding_round/series_d,ilyastrebulaev.substack.com,tracxn.com,starting with a Series Seed at a pre-money valuation of $3.86 million,"Jun 06, 2014 | $1.2B | Series D | $40B | - | ||",1.000000,1.000000,0.000000,1.000000,0.588041,0.858804,easy_pos,data/runs/cal_uber_01.sqlite,0
ce1e598ed2732c94,ba2ce35cafeaa192:post_money:9396b014:A,c2f0263e7615e819:pre_money:e1cda081:A,Uber,Uber,funding_round/unknown,funding_round/series_c,www.uberscandals.org,growthequityinterviewguide.com,Google Ventures had to accept Uber’s valuation at $3.5 billion.,"For instance, Uber raised $258 million in Series C funding in 2013, led by Google Ventures and TPG Growth, with a pre-money valuation of $3.5 billion.",1.000000,1.000000,0.000000,1.000000,0.756612,0.875661,easy_pos,data/runs/cal_uber_01.sqlite,1
8e4ddfee5fcbf430,ba2ce35cafeaa192:post_money:9396b014:A,d67cbf313e22511e:post_money:fd345530:A,Uber,Uber,funding_round/unknown,funding_round/series_f,www.uberscandals.org,bsic.it,Google Ventures had to accept Uber’s valuation at $3.5 billion.,"By 2015, a $1bn Series F round valued Uber at $51bn.",1.000000,1.000000,0.000000,1.000000,0.869120,0.886912,easy_pos,data/runs/cal_uber_01.sqlite,0
6e864910758f3644,ba2ce35cafeaa192:post_money:9396b014:A,dd36e69f13867aa6:post_money:d30e4554:A,Uber,Uber,funding_round/unknown,funding_round/series_d,www.uberscandals.org,tracxn.com,Google Ventures had to accept Uber’s valuation at $3.5 billion.,"Jun 06, 2014 | $1.2B | Series D | $40B | - | ||",1.000000,1.000000,0.000000,1.000000,0.799666,0.879967,easy_pos,data/runs/cal_uber_01.sqlite,0
a0ec6295972e69f0,c1654b43f9299ff7:post_money:3ca20954:A,c1654b43f9299ff7:price_per_share:2f20f3ac:A,Uber,Uber,funding_round/series_g,funding_round/series_g,techcrunch.com,techcrunch.com,could value the company has high as $64.6 billion if all the shares are issued,at $48.772228/share,1.000000,1.000000,1.000000,1.000000,1.000000,1.000000,easy_pos,data/runs/cal_uber_01.sqlite,1
c92a8af1c6dca7fe,c1654b43f9299ff7:post_money:3ca20954:A,c762e6bdfbbeefc2:post_money:ce420cad:A,Uber,Uber,funding_round/series_g,funding_round/unknown,techcrunch.com,time.com,could value the company has high as $64.6 billion if all the shares are issued,valuing the company at $17 billion.,1.000000,1.000000,0.000000,1.000000,0.741834,0.874183,easy_pos,data/runs/cal_uber_01.sqlite,0
249b9901abed6c6a,c1654b43f9299ff7:post_money:3ca20954:A,daa51e318f827a5c:post_money:f2904d51:A,Uber,Uber,funding_round/series_g,funding_round/unknown,techcrunch.com,sg.finance.yahoo.com,could value the company has high as $64.6 billion if all the shares are issued,"Uber was valued at $18.2 billion in June when it raised $1.2 billion from mutual funds and investors, including Fidelity Investments, Wellington Management and BlackRock.",1.000000,1.000000,0.000000,1.000000,0.819179,0.881918,easy_pos,data/runs/cal_uber_01.sqlite,0
9af379def14d6286,c1654b43f9299ff7:post_money:3ca20954:A,fa703c06cd7450fb:post_money:5bcccdd4:A,Uber,Uber,funding_round/series_g,funding_round/unknown,techcrunch.com,www.cnbc.com,could value the company has high as $64.6 billion if all the shares are issued,"On a fully diluted basis, Uber has an implied market valuation of $82.4 billion.",1.000000,1.000000,0.000000,1.000000,0.503297,0.850330,easy_pos,data/runs/cal_uber_01.sqlite,0
56a2abfd5afaa72c,c1654b43f9299ff7:price_per_share:2f20f3ac:A,c1654b43f9299ff7:shares_issued:d2dc67dd:A,Uber,Uber,funding_round/series_g,funding_round/series_g,techcrunch.com,techcrunch.com,at $48.772228/share,"there are 43,057,291 shares of preferred Series G stock being issued",1.000000,1.000000,1.000000,1.000000,1.000000,1.000000,easy_pos,data/runs/cal_uber_01.sqlite,1
16bdf1bd6ab7c40a,c1654b43f9299ff7:price_per_share:2f20f3ac:A,fa703c06cd7450fb:post_money:5bcccdd4:A,Uber,Uber,funding_round/series_g,funding_round/unknown,techcrunch.com,www.cnbc.com,at $48.772228/share,"On a fully diluted basis, Uber has an implied market valuation of $82.4 billion.",1.000000,1.000000,0.000000,1.000000,0.503297,0.850330,easy_pos,data/runs/cal_uber_01.sqlite,0
fa353ac801602c44,c1654b43f9299ff7:shares_issued:d2dc67dd:A,daa51e318f827a5c:amount:7becbddd:A,Uber,Uber,funding_round/series_g,funding_round/unknown,techcrunch.com,sg.finance.yahoo.com,"there are 43,057,291 shares of preferred Series G stock being issued","Reuters - Uber is in talks to sell more than $1 billion in convertible debt, a source familiar with the matter said, soon after the U.S. taxi service said it raised $1.2 billion in its latest funding round.",1.000000,1.000000,0.000000,1.000000,0.819179,0.881918,easy_pos,data/runs/cal_uber_01.sqlite,0
44bcdb9328df01e7,c2f0263e7615e819:pre_money:e1cda081:A,dd36e69f13867aa6:post_money:21c40db7:A,Uber,Uber,funding_round/series_c,funding_round/series_f,growthequityinterviewguide.com,tracxn.com,"For instance, Uber raised $258 million in Series C funding in 2013, led by Google Ventures and TPG Growth, with a pre-money valuation of $3.5 billion.","Jul 31, 2015 | $1B | Series F | $50B | - | - | |",1.000000,1.000000,0.000000,1.000000,0.605037,0.860504,easy_pos,data/runs/cal_uber_01.sqlite,0
e7539d26adf6c3b6,c2f0263e7615e819:pre_money:e1cda081:A,dd36e69f13867aa6:post_money:8e01e921:A,Uber,Uber,funding_round/series_c,funding_round/series_a,growthequityinterviewguide.com,tracxn.com,"For instance, Uber raised $258 million in Series C funding in 2013, led by Google Ventures and TPG Growth, with a pre-money valuation of $3.5 billion.","Feb 14, 2011 | $11M | Series A | $60M | - | ||",1.000000,1.000000,0.000000,1.000000,0.605037,0.860504,easy_pos,data/runs/cal_uber_01.sqlite,0
258cfb8be73171fc,c762e6bdfbbeefc2:post_money:ce420cad:A,daa51e318f827a5c:amount:7becbddd:A,Uber,Uber,funding_round/unknown,funding_round/unknown,time.com,sg.finance.yahoo.com,valuing the company at $17 billion.,"Reuters - Uber is in talks to sell more than $1 billion in convertible debt, a source familiar with the matter said, soon after the U.S. taxi service said it raised $1.2 billion in its latest funding round.",1.000000,1.000000,0.000000,1.000000,0.905581,0.890558,easy_pos,data/runs/cal_uber_01.sqlite,0
c039a77173eceb6f,c762e6bdfbbeefc2:post_money:ce420cad:A,daa51e318f827a5c:post_money:f2904d51:A,Uber,Uber,funding_round/unknown,funding_round/unknown,time.com,sg.finance.yahoo.com,valuing the company at $17 billion.,"Uber was valued at $18.2 billion in June when it raised $1.2 billion from mutual funds and investors, including Fidelity Investments, Wellington Management and BlackRock.",1.000000,1.000000,0.000000,1.000000,0.905581,0.890558,easy_pos,data/runs/cal_uber_01.sqlite,1
5a4d7578f70f148a,dd36e69f13867aa6:post_money:1e0a8eb0:A,dd36e69f13867aa6:post_money:f38cb5ed:A,Uber,Uber,funding_round/series_e,funding_round/series_g,tracxn.com,tracxn.com,"May 12, 2015 | $1.69B | Series E | $41.4B | - | - | |","Jul 07, 2016 | Undisclosed | Series G | $28B | - | - | |",1.000000,1.000000,1.000000,1.000000,1.000000,1.000000,easy_pos,data/runs/cal_uber_01.sqlite,0
d5226fed2900de35,dd36e69f13867aa6:post_money:21c40db7:A,dd36e69f13867aa6:post_money:555fa415:A,Uber,Uber,funding_round/series_f,funding_round/series_c,tracxn.com,tracxn.com,"Jul 31, 2015 | $1B | Series F | $50B | - | - | |","Aug 14, 2013 | $361M | Series C | $3.76B | - | ||",1.000000,1.000000,1.000000,1.000000,1.000000,1.000000,easy_pos,data/runs/cal_uber_01.sqlite,0
9f7019be8d3081d5,dd36e69f13867aa6:post_money:21c40db7:A,dd36e69f13867aa6:post_money:a4712962:A,Uber,Uber,funding_round/series_f,funding_round/series_e,tracxn.com,tracxn.com,"Jul 31, 2015 | $1B | Series F | $50B | - | - | |","Dec 04, 2014 | $2.8B | Series E | $40B | - | ||",1.000000,1.000000,1.000000,1.000000,1.000000,1.000000,easy_pos,data/runs/cal_uber_01.sqlite,0
01085870c14d8aab,dd36e69f13867aa6:post_money:21c40db7:A,dd36e69f13867aa6:post_money:d30e4554:A,Uber,Uber,funding_round/series_f,funding_round/series_d,tracxn.com,tracxn.com,"Jul 31, 2015 | $1B | Series F | $50B | - | - | |","Jun 06, 2014 | $1.2B | Series D | $40B | - | ||",1.000000,1.000000,1.000000,1.000000,1.000000,1.000000,easy_pos,data/runs/cal_uber_01.sqlite,0
5ace1f05ca6d9d86,dd36e69f13867aa6:post_money:21c40db7:A,dd36e69f13867aa6:post_money:f38cb5ed:A,Uber,Uber,funding_round/series_f,funding_round/series_g,tracxn.com,tracxn.com,"Jul 31, 2015 | $1B | Series F | $50B | - | - | |","Jul 07, 2016 | Undisclosed | Series G | $28B | - | - | |",1.000000,1.000000,1.000000,1.000000,1.000000,1.000000,easy_pos,data/runs/cal_uber_01.sqlite,0
84e3cdd0e8158801,dd36e69f13867aa6:post_money:555fa415:A,dd36e69f13867aa6:post_money:f38cb5ed:A,Uber,Uber,funding_round/series_c,funding_round/series_g,tracxn.com,tracxn.com,"Aug 14, 2013 | $361M | Series C | $3.76B | - | ||","Jul 07, 2016 | Undisclosed | Series G | $28B | - | - | |",1.000000,1.000000,1.000000,1.000000,1.000000,1.000000,easy_pos,data/runs/cal_uber_01.sqlite,0
d6892be25445af34,dd36e69f13867aa6:post_money:8e01e921:A,dd36e69f13867aa6:post_money:d30e4554:A,Uber,Uber,funding_round/series_a,funding_round/series_d,tracxn.com,tracxn.com,"Feb 14, 2011 | $11M | Series A | $60M | - | ||","Jun 06, 2014 | $1.2B | Series D | $40B | - | ||",1.000000,1.000000,1.000000,1.000000,1.000000,1.000000,easy_pos,data/runs/cal_uber_01.sqlite,0
a9bcb6fff0272c73,dd36e69f13867aa6:post_money:8e01e921:A,dd36e69f13867aa6:post_money:f38cb5ed:A,Uber,Uber,funding_round/series_a,funding_round/series_g,tracxn.com,tracxn.com,"Feb 14, 2011 | $11M | Series A | $60M | - | ||","Jul 07, 2016 | Undisclosed | Series G | $28B | - | - | |",1.000000,1.000000,1.000000,1.000000,1.000000,1.000000,easy_pos,data/runs/cal_uber_01.sqlite,0
3919a42ec3482e3a,066f617b6c538538:post_money:79f0c0d1:A,8c1dd5ba21d56491:post_money:9096eae5:A,Uber,Uber,funding_round/unknown,funding_round/unknown,app.dealroom.co,www.businessinsider.com,$1.3b Valuation: $69.0b 6.6x EV/Revenue 28.9x EV/EBITDA | Late VC,Uber is one of the most valuable private tech companies in the world with a $41 billion post-money valuation.,1.000000,1.000000,0.000000,1.000000,0.302849,0.830285,band,data/runs/cal_uber_01.sqlite,0
ee38742ea9636977,066f617b6c538538:post_money:79f0c0d1:A,daa51e318f827a5c:amount:7becbddd:A,Uber,Uber,funding_round/unknown,funding_round/unknown,app.dealroom.co,sg.finance.yahoo.com,$1.3b Valuation: $69.0b 6.6x EV/Revenue 28.9x EV/EBITDA | Late VC,"Reuters - Uber is in talks to sell more than $1 billion in convertible debt, a source familiar with the matter said, soon after the U.S. taxi service said it raised $1.2 billion in its latest funding round.",1.000000,1.000000,0.000000,1.000000,0.315727,0.831573,band,data/runs/cal_uber_01.sqlite,0
2991e863e923a7a4,066f617b6c538538:post_money:79f0c0d1:A,dd36e69f13867aa6:post_money:8e01e921:A,Uber,Uber,funding_round/unknown,funding_round/series_a,app.dealroom.co,tracxn.com,$1.3b Valuation: $69.0b 6.6x EV/Revenue 28.9x EV/EBITDA | Late VC,"Feb 14, 2011 | $11M | Series A | $60M | - | ||",1.000000,1.000000,0.000000,1.000000,0.054141,0.805414,band,data/runs/cal_uber_01.sqlite,0
4923125bcc8cf06b,066f617b6c538538:post_money:80880c35:A,7654c0c68b66dc39:investor:7f4e5335:A,Uber,Uber,funding_round/series_f,funding_round/series_c,app.dealroom.co,techcrunch.com,$1.0b Valuation: $50.0b 100.9x EV/Revenue | Series F,"It’s unknown why TPG, which picked up 775,092 shares, paid a lower per-share price than the other participants.",1.000000,1.000000,0.000000,1.000000,0.408244,0.840824,band,data/runs/cal_uber_01.sqlite,0
3e1954f1435e8aed,066f617b6c538538:post_money:80880c35:A,915d6a4115710641:pre_money:21429dbe:A,Uber,Uber,funding_round/series_f,funding_round/seed,app.dealroom.co,ilyastrebulaev.substack.com,$1.0b Valuation: $50.0b 100.9x EV/Revenue | Series F,starting with a Series Seed at a pre-money valuation of $3.86 million,1.000000,1.000000,0.000000,1.000000,0.031837,0.803184,band,data/runs/cal_uber_01.sqlite,0
59500164d9ff5c8b,066f617b6c538538:post_money:80880c35:A,c1654b43f9299ff7:post_money:3ca20954:A,Uber,Uber,funding_round/series_f,funding_round/series_g,app.dealroom.co,techcrunch.com,$1.0b Valuation: $50.0b 100.9x EV/Revenue | Series F,could value the company has high as $64.6 billion if all the shares are issued,1.000000,1.000000,0.000000,1.000000,0.258637,0.825864,band,data/runs/cal_uber_01.sqlite,0
4c8fe2d760416321,066f617b6c538538:post_money:80880c35:A,daa51e318f827a5c:post_money:f2904d51:A,Uber,Uber,funding_round/series_f,funding_round/unknown,app.dealroom.co,sg.finance.yahoo.com,$1.0b Valuation: $50.0b 100.9x EV/Revenue | Series F,"Uber was valued at $18.2 billion in June when it raised $1.2 billion from mutual funds and investors, including Fidelity Investments, Wellington Management and BlackRock.",1.000000,1.000000,0.000000,1.000000,0.315727,0.831573,band,data/runs/cal_uber_01.sqlite,0
e0b40b5fd5d09461,066f617b6c538538:post_money:a04dded1:A,3786ee5a1a2d35c0:amount:8467c681:A,Uber,Uber,funding_round/unknown,funding_round/unknown,app.dealroom.co,www.businessinsider.com,$2.1b Valuation: $62.5b 126.2x EV/Revenue | Growth Equity VC,"its most recent round, a $1.25 billion Series G1 led by SoftBank",1.000000,1.000000,0.000000,1.000000,0.139782,0.813978,band,data/runs/cal_uber_01.sqlite,0
d89a357e94a2e52f,066f617b6c538538:post_money:a04dded1:A,7654c0c68b66dc39:investor_amount:4ab85817:A,Uber,Uber,funding_round/unknown,funding_round/series_c,app.dealroom.co,techcrunch.com,$2.1b Valuation: $62.5b 126.2x EV/Revenue | Growth Equity VC,The late-stage investor plunked down a total of $88.4 million in Uber.,1.000000,1.000000,0.000000,1.000000,0.408244,0.840824,band,data/runs/cal_uber_01.sqlite,0
5cab422d25242769,066f617b6c538538:post_money:a04dded1:A,7654c0c68b66dc39:pre_money:bdb29a9a:A,Uber,Uber,funding_round/unknown,funding_round/series_c,app.dealroom.co,techcrunch.com,$2.1b Valuation: $62.5b 126.2x EV/Revenue | Growth Equity VC,The round values Uber at around $3.4 billion pre-money and $3.76 billion post.,1.000000,1.000000,0.000000,1.000000,0.408244,0.840824,band,data/runs/cal_uber_01.sqlite,0
9a9776de2dad9ba2,066f617b6c538538:post_money:a04dded1:A,c1654b43f9299ff7:shares_issued:d2dc67dd:A,Uber,Uber,funding_round/unknown,funding_round/series_g,app.dealroom.co,techcrunch.com,$2.1b Valuation: $62.5b 126.2x EV/Revenue | Growth Equity VC,"there are 43,057,291 shares of preferred Series G stock being issued",1.000000,1.000000,0.000000,1.000000,0.258637,0.825864,band,data/runs/cal_uber_01.sqlite,0
857eeccc555a590b,066f617b6c538538:post_money:a04dded1:A,daa51e318f827a5c:amount:7becbddd:A,Uber,Uber,funding_round/unknown,funding_round/unknown,app.dealroom.co,sg.finance.yahoo.com,$2.1b Valuation: $62.5b 126.2x EV/Revenue | Growth Equity VC,"Reuters - Uber is in talks to sell more than $1 billion in convertible debt, a source familiar with the matter said, soon after the U.S. taxi service said it raised $1.2 billion in its latest funding round.",1.000000,1.000000,0.000000,1.000000,0.315727,0.831573,band,data/runs/cal_uber_01.sqlite,0
6d01ce6d164da772,066f617b6c538538:post_money:b0442cd3:A,7654c0c68b66dc39:investor:8d0dc6a3:A,Uber,Uber,funding_round/unknown,funding_round/series_c,app.dealroom.co,techcrunch.com,$500m Valuation: $72.0b 6.9x EV/Revenue 30.2x EV/EBITDA | Late VC,Existing investor Benchmark put in another $15 million in this round.,1.000000,1.000000,0.000000,1.000000,0.408244,0.840824,band,data/runs/cal_uber_01.sqlite,0
a80a0c838c298d63,066f617b6c538538:post_money:b0442cd3:A,8f1161440dd600ca:pre_money:61eef522:A,Uber,Uber,funding_round/unknown,funding_round/unknown,app.dealroom.co,techcrunch.com,$500m Valuation: $72.0b 6.9x EV/Revenue 30.2x EV/EBITDA | Late VC,that values the company at $17 billion pre-money,1.000000,1.000000,0.000000,1.000000,0.348646,0.834865,band,data/runs/cal_uber_01.sqlite,0
d8967b3104c1d3a9,066f617b6c538538:post_money:b0442cd3:A,915d6a4115710641:post_money:27b8ba48:A,Uber,Uber,funding_round/unknown,funding_round/unknown,app.dealroom.co,ilyastrebulaev.substack.com,$500m Valuation: $72.0b 6.9x EV/Revenue 30.2x EV/EBITDA | Late VC,culminating in an IPO in 2019 at roughly $68 billion.,1.000000,1.000000,0.000000,1.000000,0.031837,0.803184,band,data/runs/cal_uber_01.sqlite,0
3c527ea89c474a23,066f617b6c538538:post_money:b0442cd3:A,dd36e69f13867aa6:post_money:1e0a8eb0:A,Uber,Uber,funding_round/unknown,funding_round/series_e,app.dealroom.co,tracxn.com,$500m Valuation: $72.0b 6.9x EV/Revenue 30.2x EV/EBITDA | Late VC,"May 12, 2015 | $1.69B | Series E | $41.4B | - | - | |",1.000000,1.000000,0.000000,1.000000,0.054141,0.805414,band,data/runs/cal_uber_01.sqlite,0
20d0e69137b22d46,066f617b6c538538:post_money:b0442cd3:A,dd36e69f13867aa6:post_money:8e01e921:A,Uber,Uber,funding_round/unknown,funding_round/series_a,app.dealroom.co,tracxn.com,$500m Valuation: $72.0b 6.9x EV/Revenue 30.2x EV/EBITDA | Late VC,"Feb 14, 2011 | $11M | Series A | $60M | - | ||",1.000000,1.000000,0.000000,1.000000,0.054141,0.805414,band,data/runs/cal_uber_01.sqlite,0
60fe8372c85acae2,066f617b6c538538:post_money:e8e113c2:A,915d6a4115710641:post_money:27b8ba48:A,Uber,Uber,funding_round/unknown,funding_round/unknown,app.dealroom.co,ilyastrebulaev.substack.com,$500m Valuation: $78.8b 5.6x EV/Revenue -10.0x EV/EBITDA | Late VC,culminating in an IPO in 2019 at roughly $68 billion.,1.000000,1.000000,0.000000,1.000000,0.031837,0.803184,band,data/runs/cal_uber_01.sqlite,0
5b73d0ab8a4d8e21,066f617b6c538538:post_money:e8e113c2:A,dd36e69f13867aa6:post_money:8e01e921:A,Uber,Uber,funding_round/unknown,funding_round/series_a,app.dealroom.co,tracxn.com,$500m Valuation: $78.8b 5.6x EV/Revenue -10.0x EV/EBITDA | Late VC,"Feb 14, 2011 | $11M | Series A | $60M | - | ||",1.000000,1.000000,0.000000,1.000000,0.054141,0.805414,band,data/runs/cal_uber_01.sqlite,0
38cc6e55137b1260,066f617b6c538538:post_money:f1ec4aca:A,7654c0c68b66dc39:investor_amount:4ab85817:A,Uber,Uber,funding_round/series_e,funding_round/series_c,app.dealroom.co,techcrunch.com,$1.0b Valuation: $40.0b 80.8x EV/Revenue | Series E,The late-stage investor plunked down a total of $88.4 million in Uber.,1.000000,1.000000,0.000000,1.000000,0.408244,0.840824,band,data/runs/cal_uber_01.sqlite,0
0633f563e9fad73a,066f617b6c538538:post_money:f1ec4aca:A,7c7d4aa1bf094082:post_money:4fe944ed:A,Uber,Uber,funding_round/series_e,funding_round/unknown,app.dealroom.co,techcrunch.com,$1.0b Valuation: $40.0b 80.8x EV/Revenue | Series E,this latest round was made at a $40 billion valuation.,1.000000,1.000000,0.000000,1.000000,0.315727,0.831573,band,data/runs/cal_uber_01.sqlite,1
d5f46a39cc9d5a5f,066f617b6c538538:post_money:f1ec4aca:A,8c1dd5ba21d56491:post_money:9096eae5:A,Uber,Uber,funding_round/series_e,funding_round/unknown,app.dealroom.co,www.businessinsider.com,$1.0b Valuation: $40.0b 80.8x EV/Revenue | Series E,Uber is one of the most valuable private tech companies in the world with a $41 billion post-money valuation.,1.000000,1.000000,0.000000,1.000000,0.302849,0.830285,band,data/runs/cal_uber_01.sqlite,1
ebd7baaf87cfdaf9,066f617b6c538538:post_money:f1ec4aca:A,c2f0263e7615e819:pre_money:e1cda081:A,Uber,Uber,funding_round/series_e,funding_round/series_c,app.dealroom.co,growthequityinterviewguide.com,$1.0b Valuation: $40.0b 80.8x EV/Revenue | Series E,"For instance, Uber raised $258 million in Series C funding in 2013, led by Google Ventures and TPG Growth, with a pre-money valuation of $3.5 billion.",1.000000,1.000000,0.000000,1.000000,0.032757,0.803276,band,data/runs/cal_uber_01.sqlite,0
89169a665ce4e992,066f617b6c538538:post_money:f1ec4aca:A,d67cbf313e22511e:post_money:fd345530:A,Uber,Uber,funding_round/series_e,funding_round/series_f,app.dealroom.co,bsic.it,$1.0b Valuation: $40.0b 80.8x EV/Revenue | Series E,"By 2015, a $1bn Series F round valued Uber at $51bn.",1.000000,1.000000,0.000000,1.000000,0.049814,0.804981,band,data/runs/cal_uber_01.sqlite,0
fdf049449b69de69,3786ee5a1a2d35c0:amount:3e2a8e64:A,7654c0c68b66dc39:investor:8d0dc6a3:A,Uber,Uber,funding_round/seed,funding_round/series_c,www.businessinsider.com,techcrunch.com,Uber raised a $1.57 million seed funding round,Existing investor Benchmark put in another $15 million in this round.,1.000000,1.000000,0.000000,1.000000,0.342398,0.834240,band,data/runs/cal_uber_01.sqlite,0
14181cc07524146b,3786ee5a1a2d35c0:amount:3e2a8e64:A,dd36e69f13867aa6:post_money:555fa415:A,Uber,Uber,funding_round/seed,funding_round/series_c,www.businessinsider.com,tracxn.com,Uber raised a $1.57 million seed funding round,"Aug 14, 2013 | $361M | Series C | $3.76B | - | ||",1.000000,1.000000,0.000000,1.000000,0.387324,0.838732,band,data/runs/cal_uber_01.sqlite,0
58664d307f26475b,3786ee5a1a2d35c0:amount:3e2a8e64:A,dd36e69f13867aa6:post_money:a4712962:A,Uber,Uber,funding_round/seed,funding_round/series_e,www.businessinsider.com,tracxn.com,Uber raised a $1.57 million seed funding round,"Dec 04, 2014 | $2.8B | Series E | $40B | - | ||",1.000000,1.000000,0.000000,1.000000,0.387324,0.838732,band,data/runs/cal_uber_01.sqlite,0
313d399513d20947,3786ee5a1a2d35c0:amount:8467c681:A,7654c0c68b66dc39:investor:7f4e5335:A,Uber,Uber,funding_round/unknown,funding_round/series_c,www.businessinsider.com,techcrunch.com,"its most recent round, a $1.25 billion Series G1 led by SoftBank","It’s unknown why TPG, which picked up 775,092 shares, paid a lower per-share price than the other participants.",1.000000,1.000000,0.000000,1.000000,0.342398,0.834240,band,data/runs/cal_uber_01.sqlite,0
ca177b8dbaf3821e,3786ee5a1a2d35c0:amount:8467c681:A,7654c0c68b66dc39:pre_money:bdb29a9a:A,Uber,Uber,funding_round/unknown,funding_round/series_c,www.businessinsider.com,techcrunch.com,"its most recent round, a $1.25 billion Series G1 led by SoftBank",The round values Uber at around $3.4 billion pre-money and $3.76 billion post.,1.000000,1.000000,0.000000,1.000000,0.342398,0.834240,band,data/runs/cal_uber_01.sqlite,0
00909d16211820df,3786ee5a1a2d35c0:amount:8467c681:A,7c7d4aa1bf094082:post_money:4fe944ed:A,Uber,Uber,funding_round/unknown,funding_round/unknown,www.businessinsider.com,techcrunch.com,"its most recent round, a $1.25 billion Series G1 led by SoftBank",this latest round was made at a $40 billion valuation.,1.000000,1.000000,0.000000,1.000000,0.442730,0.844273,band,data/runs/cal_uber_01.sqlite,0
7b18c702cc0f3b92,3786ee5a1a2d35c0:amount:8467c681:A,915d6a4115710641:post_money:27b8ba48:A,Uber,Uber,funding_round/unknown,funding_round/unknown,www.businessinsider.com,ilyastrebulaev.substack.com,"its most recent round, a $1.25 billion Series G1 led by SoftBank",culminating in an IPO in 2019 at roughly $68 billion.,1.000000,1.000000,0.000000,1.000000,0.227762,0.822776,band,data/runs/cal_uber_01.sqlite,0
70bb2846407fd29d,3786ee5a1a2d35c0:amount:8467c681:A,dd36e69f13867aa6:post_money:a4712962:A,Uber,Uber,funding_round/unknown,funding_round/series_e,www.businessinsider.com,tracxn.com,"its most recent round, a $1.25 billion Series G1 led by SoftBank","Dec 04, 2014 | $2.8B | Series E | $40B | - | ||",1.000000,1.000000,0.000000,1.000000,0.387324,0.838732,band,data/runs/cal_uber_01.sqlite,0
f4066e450945ec36,3786ee5a1a2d35c0:post_money:791a6a99:A,7654c0c68b66dc39:investor:edd3f02b:A,Uber,Uber,funding_round/seed,funding_round/series_c,www.businessinsider.com,techcrunch.com,"a $1.57 million seed funding round, which valued the company at $3.86 million.","We and Kara Swisher have both confirmed that Google Ventures is the largest investor in the round, pumping $257.79 million into the car service.",1.000000,1.000000,0.000000,1.000000,0.342398,0.834240,band,data/runs/cal_uber_01.sqlite,0
ffbf0f702a41b575,3786ee5a1a2d35c0:post_money:791a6a99:A,915d6a4115710641:pre_money:21429dbe:A,Uber,Uber,funding_round/seed,funding_round/seed,www.businessinsider.com,ilyastrebulaev.substack.com,"a $1.57 million seed funding round, which valued the company at $3.86 million.",starting with a Series Seed at a pre-money valuation of $3.86 million,1.000000,1.000000,0.000000,1.000000,0.227762,0.822776,band,data/runs/cal_uber_01.sqlite,1
f3b17f74958082e5,3786ee5a1a2d35c0:post_money:791a6a99:A,c762e6bdfbbeefc2:post_money:ce420cad:A,Uber,Uber,funding_round/seed,funding_round/unknown,www.businessinsider.com,time.com,"a $1.57 million seed funding round, which valued the company at $3.86 million.",valuing the company at $17 billion.,1.000000,1.000000,0.000000,1.000000,0.400928,0.840093,band,data/runs/cal_uber_01.sqlite,0
f43aed3d92507b73,3786ee5a1a2d35c0:post_money:791a6a99:A,daa51e318f827a5c:amount:9d1726f5:A,Uber,Uber,funding_round/seed,funding_round/unknown,www.businessinsider.com,sg.finance.yahoo.com,"a $1.57 million seed funding round, which valued the company at $3.86 million.","Uber was valued at $18.2 billion in June when it raised $1.2 billion from mutual funds and investors, including Fidelity Investments, Wellington Management and BlackRock.",1.000000,1.000000,0.000000,1.000000,0.442730,0.844273,band,data/runs/cal_uber_01.sqlite,0
7129d26549b523ef,3786ee5a1a2d35c0:post_money:791a6a99:A,daa51e318f827a5c:post_money:f2904d51:A,Uber,Uber,funding_round/seed,funding_round/unknown,www.businessinsider.com,sg.finance.yahoo.com,"a $1.57 million seed funding round, which valued the company at $3.86 million.","Uber was valued at $18.2 billion in June when it raised $1.2 billion from mutual funds and investors, including Fidelity Investments, Wellington Management and BlackRock.",1.000000,1.000000,0.000000,1.000000,0.442730,0.844273,band,data/runs/cal_uber_01.sqlite,0
ad74c770ea530243,3786ee5a1a2d35c0:post_money:eefda238:A,915d6a4115710641:post_money:27b8ba48:A,Uber,Uber,funding_round/unknown,funding_round/unknown,www.businessinsider.com,ilyastrebulaev.substack.com,Investors in its most recent round ... bought their shares at a $68.33 billion valuation.,culminating in an IPO in 2019 at roughly $68 billion.,1.000000,1.000000,0.000000,1.000000,0.227762,0.822776,band,data/runs/cal_uber_01.sqlite,1
5908f06a6fb56662,49fe1629234520f6:post_money:9268083a:A,fa703c06cd7450fb:amount:1674ae2b:A,Uber,Uber,funding_round/series_f,funding_round/unknown,en.wikipedia.org,www.cnbc.com,raising $1 billion at a $50 billion pre-money valuation (so a $51 billion post-money valuation).,"The company is offering 180 million shares of common stock, which means it could raise around $8.1 billion on Friday",1.000000,1.000000,0.000000,1.000000,0.454778,0.845478,band,data/runs/cal_uber_01.sqlite,0
7f97372aa8566fb5,753c3ba0aa465426:post_money:83588cbf:A,7654c0c68b66dc39:investor_amount:4ab85817:A,Uber,Uber,funding_round/unknown,funding_round/series_c,www.theguardian.com,techcrunch.com,...reportedly invested $3m in a 2011 funding round that valued the company at $346.5m.,The late-stage investor plunked down a total of $88.4 million in Uber.,1.000000,1.000000,0.000000,1.000000,0.318857,0.831886,band,data/runs/cal_uber_01.sqlite,0
6ee047599fb90e55,753c3ba0aa465426:post_money:83588cbf:A,c762e6bdfbbeefc2:post_money:ce420cad:A,Uber,Uber,funding_round/unknown,funding_round/unknown,www.theguardian.com,time.com,...reportedly invested $3m in a 2011 funding round that valued the company at $346.5m.,valuing the company at $17 billion.,1.000000,1.000000,0.000000,1.000000,0.373363,0.837336,band,data/runs/cal_uber_01.sqlite,0
1177ad48a684e416,753c3ba0aa465426:post_money:83588cbf:A,daa51e318f827a5c:amount:7becbddd:A,Uber,Uber,funding_round/unknown,funding_round/unknown,www.theguardian.com,sg.finance.yahoo.com,...reportedly invested $3m in a 2011 funding round that valued the company at $346.5m.,"Reuters - Uber is in talks to sell more than $1 billion in convertible debt, a source familiar with the matter said, soon after the U.S. taxi service said it raised $1.2 billion in its latest funding round.",1.000000,1.000000,0.000000,1.000000,0.412290,0.841229,band,data/runs/cal_uber_01.sqlite,0
9268f95d5333d2ad,753c3ba0aa465426:post_money:83588cbf:A,daa51e318f827a5c:post_money:f2904d51:A,Uber,Uber,funding_round/unknown,funding_round/unknown,www.theguardian.com,sg.finance.yahoo.com,...reportedly invested $3m in a 2011 funding round that valued the company at $346.5m.,"Uber was valued at $18.2 billion in June when it raised $1.2 billion from mutual funds and investors, including Fidelity Investments, Wellington Management and BlackRock.",1.000000,1.000000,0.000000,1.000000,0.412290,0.841229,band,data/runs/cal_uber_01.sqlite,0
6cc934cfc55fb90f,753c3ba0aa465426:post_money:83588cbf:A,dd36e69f13867aa6:post_money:1e0a8eb0:A,Uber,Uber,funding_round/unknown,funding_round/series_e,www.theguardian.com,tracxn.com,...reportedly invested $3m in a 2011 funding round that valued the company at $346.5m.,"May 12, 2015 | $1.69B | Series E | $41.4B | - | - | |",1.000000,1.000000,0.000000,1.000000,0.415921,0.841592,band,data/runs/cal_uber_01.sqlite,0
ce3425f1b12b2e8e,7654c0c68b66dc39:investor:7f4e5335:A,c2f0263e7615e819:pre_money:e1cda081:A,Uber,Uber,funding_round/series_c,funding_round/series_c,techcrunch.com,growthequityinterviewguide.com,"It’s unknown why TPG, which picked up 775,092 shares, paid a lower per-share price than the other participants.","For instance, Uber raised $258 million in Series C funding in 2013, led by Google Ventures and TPG Growth, with a pre-money valuation of $3.5 billion.",1.000000,1.000000,0.000000,1.000000,0.080239,0.808024,band,data/runs/cal_uber_01.sqlite,1
bf0202865d68e9a3,7654c0c68b66dc39:investor:7f4e5335:A,dd36e69f13867aa6:post_money:21c40db7:A,Uber,Uber,funding_round/series_c,funding_round/series_f,techcrunch.com,tracxn.com,"It’s unknown why TPG, which picked up 775,092 shares, paid a lower per-share price than the other participants.","Jul 31, 2015 | $1B | Series F | $50B | - | - | |",1.000000,1.000000,0.000000,1.000000,0.132619,0.813262,band,data/runs/cal_uber_01.sqlite,0
8b090ac80906efd9,7654c0c68b66dc39:investor:7f4e5335:A,dd36e69f13867aa6:post_money:555fa415:A,Uber,Uber,funding_round/series_c,funding_round/series_c,techcrunch.com,tracxn.com,"It’s unknown why TPG, which picked up 775,092 shares, paid a lower per-share price than the other participants.","Aug 14, 2013 | $361M | Series C | $3.76B | - | ||",1.000000,1.000000,0.000000,1.000000,0.132619,0.813262,band,data/runs/cal_uber_01.sqlite,1
c96bd3cfaf1101e3,7654c0c68b66dc39:investor:7f4e5335:A,dd36e69f13867aa6:post_money:f38cb5ed:A,Uber,Uber,funding_round/series_c,funding_round/series_g,techcrunch.com,tracxn.com,"It’s unknown why TPG, which picked up 775,092 shares, paid a lower per-share price than the other participants.","Jul 07, 2016 | Undisclosed | Series G | $28B | - | - | |",1.000000,1.000000,0.000000,1.000000,0.132619,0.813262,band,data/runs/cal_uber_01.sqlite,0
ce3007da5a17bbaf,7654c0c68b66dc39:investor:7f4e5335:A,fa703c06cd7450fb:post_money:e8044d7c:A,Uber,Uber,funding_round/series_c,funding_round/unknown,techcrunch.com,www.cnbc.com,"It’s unknown why TPG, which picked up 775,092 shares, paid a lower per-share price than the other participants.","At the IPO price of $45 per share, the company will be valued on a non-diluted basis at about $75.46 billion",1.000000,1.000000,0.000000,1.000000,0.318857,0.831886,band,data/runs/cal_uber_01.sqlite,0
d0204cd95ff16b5f,7654c0c68b66dc39:investor:edd3f02b:A,ba2ce35cafeaa192:post_money:9396b014:A,Uber,Uber,funding_round/series_c,funding_round/unknown,techcrunch.com,www.uberscandals.org,"We and Kara Swisher have both confirmed that Google Ventures is the largest investor in the round, pumping $257.79 million into the car service.",Google Ventures had to accept Uber’s valuation at $3.5 billion.,1.000000,1.000000,0.000000,1.000000,0.106051,0.810605,band,data/runs/cal_uber_01.sqlite,1
76ba6e140f230390,7654c0c68b66dc39:investor:edd3f02b:A,d67cbf313e22511e:post_money:fd345530:A,Uber,Uber,funding_round/series_c,funding_round/series_f,techcrunch.com,bsic.it,"We and Kara Swisher have both confirmed that Google Ventures is the largest investor in the round, pumping $257.79 million into the car service.","By 2015, a $1bn Series F round valued Uber at $51bn.",1.000000,1.000000,0.000000,1.000000,0.122021,0.812202,band,data/runs/cal_uber_01.sqlite,0
03afff9d1a36b1be,7654c0c68b66dc39:investor:edd3f02b:A,dd36e69f13867aa6:post_money:1e0a8eb0:A,Uber,Uber,funding_round/series_c,funding_round/series_e,techcrunch.com,tracxn.com,"We and Kara Swisher have both confirmed that Google Ventures is the largest investor in the round, pumping $257.79 million into the car service.","May 12, 2015 | $1.69B | Series E | $41.4B | - | - | |",1.000000,1.000000,0.000000,1.000000,0.132619,0.813262,band,data/runs/cal_uber_01.sqlite,0
bf77d42fa4e27617,7654c0c68b66dc39:investor:edd3f02b:A,fa703c06cd7450fb:amount:1674ae2b:A,Uber,Uber,funding_round/series_c,funding_round/unknown,techcrunch.com,www.cnbc.com,"We and Kara Swisher have both confirmed that Google Ventures is the largest investor in the round, pumping $257.79 million into the car service.","The company is offering 180 million shares of common stock, which means it could raise around $8.1 billion on Friday",1.000000,1.000000,0.000000,1.000000,0.318857,0.831886,band,data/runs/cal_uber_01.sqlite,0
bc0ad47100618849,7654c0c68b66dc39:investor_amount:0fd13e39:A,fa703c06cd7450fb:post_money:5bcccdd4:A,Uber,Uber,funding_round/series_c,funding_round/unknown,techcrunch.com,www.cnbc.com,Existing investor Benchmark put in another $15 million in this round.,"On a fully diluted basis, Uber has an implied market valuation of $82.4 billion.",1.000000,1.000000,0.000000,1.000000,0.318857,0.831886,band,data/runs/cal_uber_01.sqlite,0
35142f4a3f794485,7654c0c68b66dc39:investor_amount:4ab85817:A,d67cbf313e22511e:post_money:fd345530:A,Uber,Uber,funding_round/series_c,funding_round/series_f,techcrunch.com,bsic.it,The late-stage investor plunked down a total of $88.4 million in Uber.,"By 2015, a $1bn Series F round valued Uber at $51bn.",1.000000,1.000000,0.000000,1.000000,0.122021,0.812202,band,data/runs/cal_uber_01.sqlite,0
e7e27bbf67f41525,7654c0c68b66dc39:post_money:0d3f89ed:A,c2f0263e7615e819:pre_money:e1cda081:A,Uber,Uber,funding_round/series_c,funding_round/series_c,techcrunch.com,growthequityinterviewguide.com,The round values Uber at around $3.4 billion pre-money and $3.76 billion post.,"For instance, Uber raised $258 million in Series C funding in 2013, led by Google Ventures and TPG Growth, with a pre-money valuation of $3.5 billion.",1.000000,1.000000,0.000000,1.000000,0.080239,0.808024,band,data/runs/cal_uber_01.sqlite,1
9bc6a954f8e6948c,7654c0c68b66dc39:post_money:0d3f89ed:A,dd36e69f13867aa6:post_money:f38cb5ed:A,Uber,Uber,funding_round/series_c,funding_round/series_g,techcrunch.com,tracxn.com,The round values Uber at around $3.4 billion pre-money and $3.76 billion post.,"Jul 07, 2016 | Undisclosed | Series G | $28B | - | - | |",1.000000,1.000000,0.000000,1.000000,0.132619,0.813262,band,data/runs/cal_uber_01.sqlite,0
43c242b6392f0d1a,7654c0c68b66dc39:post_money:0d3f89ed:A,fa703c06cd7450fb:amount:1674ae2b:A,Uber,Uber,funding_round/series_c,funding_round/unknown,techcrunch.com,www.cnbc.com,The round values Uber at around $3.4 billion pre-money and $3.76 billion post.,"The company is offering 180 million shares of common stock, which means it could raise around $8.1 billion on Friday",1.000000,1.000000,0.000000,1.000000,0.318857,0.831886,band,data/runs/cal_uber_01.sqlite,0
859c97ca7dc25657,7c7d4aa1bf094082:post_money:4fe944ed:A,fa703c06cd7450fb:amount:1674ae2b:A,Uber,Uber,funding_round/unknown,funding_round/unknown,techcrunch.com,www.cnbc.com,this latest round was made at a $40 billion valuation.,"The company is offering 180 million shares of common stock, which means it could raise around $8.1 billion on Friday",1.000000,1.000000,0.000000,1.000000,0.412290,0.841229,band,data/runs/cal_uber_01.sqlite,0
e7a80c95c5ca6ed7,8c1dd5ba21d56491:post_money:9096eae5:A,915d6a4115710641:pre_money:21429dbe:A,Uber,Uber,funding_round/unknown,funding_round/seed,www.businessinsider.com,ilyastrebulaev.substack.com,Uber is one of the most valuable private tech companies in the world with a $41 billion post-money valuation.,starting with a Series Seed at a pre-money valuation of $3.86 million,1.000000,1.000000,0.000000,1.000000,0.105125,0.810513,band,data/runs/cal_uber_01.sqlite,0
a84336ffec049660,8f1161440dd600ca:pre_money:61eef522:A,915d6a4115710641:post_money:27b8ba48:A,Uber,Uber,funding_round/unknown,funding_round/unknown,techcrunch.com,ilyastrebulaev.substack.com,that values the company at $17 billion pre-money,culminating in an IPO in 2019 at roughly $68 billion.,1.000000,1.000000,0.000000,1.000000,0.091316,0.809132,band,data/runs/cal_uber_01.sqlite,0
9873b35b89629006,8f1161440dd600ca:pre_money:61eef522:A,c2f0263e7615e819:pre_money:e1cda081:A,Uber,Uber,funding_round/unknown,funding_round/series_c,techcrunch.com,growthequityinterviewguide.com,that values the company at $17 billion pre-money,"For instance, Uber raised $258 million in Series C funding in 2013, led by Google Ventures and TPG Growth, with a pre-money valuation of $3.5 billion.",1.000000,1.000000,0.000000,1.000000,0.093956,0.809396,band,data/runs/cal_uber_01.sqlite,0
74dc893bc5382912,8f1161440dd600ca:pre_money:61eef522:A,dd36e69f13867aa6:post_money:1e0a8eb0:A,Uber,Uber,funding_round/unknown,funding_round/series_e,techcrunch.com,tracxn.com,that values the company at $17 billion pre-money,"May 12, 2015 | $1.69B | Series E | $41.4B | - | - | |",1.000000,1.000000,0.000000,1.000000,0.155289,0.815529,band,data/runs/cal_uber_01.sqlite,0
71e76c84eb5634ed,915d6a4115710641:post_money:27b8ba48:A,c1654b43f9299ff7:post_money:3ca20954:A,Uber,Uber,funding_round/unknown,funding_round/series_g,ilyastrebulaev.substack.com,techcrunch.com,culminating in an IPO in 2019 at roughly $68 billion.,could value the company has high as $64.6 billion if all the shares are issued,1.000000,1.000000,0.000000,1.000000,0.123096,0.812310,band,data/runs/cal_uber_01.sqlite,0
042022db13da834a,915d6a4115710641:pre_money:21429dbe:A,c762e6bdfbbeefc2:post_money:ce420cad:A,Uber,Uber,funding_round/seed,funding_round/unknown,ilyastrebulaev.substack.com,time.com,starting with a Series Seed at a pre-money valuation of $3.86 million,valuing the company at $17 billion.,1.000000,1.000000,0.000000,1.000000,0.091316,0.809132,band,data/runs/cal_uber_01.sqlite,0
a0046fed0649f1be,915d6a4115710641:pre_money:21429dbe:A,fa703c06cd7450fb:amount:1674ae2b:A,Uber,Uber,funding_round/seed,funding_round/unknown,ilyastrebulaev.substack.com,www.cnbc.com,starting with a Series Seed at a pre-money valuation of $3.86 million,"The company is offering 180 million shares of common stock, which means it could raise around $8.1 billion on Friday",1.000000,1.000000,0.000000,1.000000,0.244578,0.824458,band,data/runs/cal_uber_01.sqlite,0
8f04e25276a5f535,ba2ce35cafeaa192:post_money:9396b014:A,c762e6bdfbbeefc2:post_money:ce420cad:A,Uber,Uber,funding_round/unknown,funding_round/unknown,www.uberscandals.org,time.com,Google Ventures had to accept Uber’s valuation at $3.5 billion.,valuing the company at $17 billion.,1.000000,1.000000,0.000000,1.000000,0.124179,0.812418,band,data/runs/cal_uber_01.sqlite,0
cb72ed197402c0c2,c1654b43f9299ff7:price_per_share:2f20f3ac:A,dd36e69f13867aa6:post_money:21c40db7:A,Uber,Uber,funding_round/series_g,funding_round/series_f,techcrunch.com,tracxn.com,at $48.772228/share,"Jul 31, 2015 | $1B | Series F | $50B | - | - | |",1.000000,1.000000,0.000000,1.000000,0.209332,0.820933,band,data/runs/cal_uber_01.sqlite,0
6b640fc02b99dc55,c1654b43f9299ff7:price_per_share:2f20f3ac:A,dd36e69f13867aa6:post_money:f38cb5ed:A,Uber,Uber,funding_round/series_g,funding_round/series_g,techcrunch.com,tracxn.com,at $48.772228/share,"Jul 07, 2016 | Undisclosed | Series G | $28B | - | - | |",1.000000,1.000000,0.000000,1.000000,0.209332,0.820933,band,data/runs/cal_uber_01.sqlite,1
8b4b74b2f00d1729,c1654b43f9299ff7:shares_issued:d2dc67dd:A,dd36e69f13867aa6:post_money:1e0a8eb0:A,Uber,Uber,funding_round/series_g,funding_round/series_e,techcrunch.com,tracxn.com,"there are 43,057,291 shares of preferred Series G stock being issued","May 12, 2015 | $1.69B | Series E | $41.4B | - | - | |",1.000000,1.000000,0.000000,1.000000,0.209332,0.820933,band,data/runs/cal_uber_01.sqlite,0
127c660a58c934e1,c1654b43f9299ff7:shares_issued:d2dc67dd:A,dd36e69f13867aa6:post_money:555fa415:A,Uber,Uber,funding_round/series_g,funding_round/series_c,techcrunch.com,tracxn.com,"there are 43,057,291 shares of preferred Series G stock being issued","Aug 14, 2013 | $361M | Series C | $3.76B | - | ||",1.000000,1.000000,0.000000,1.000000,0.209332,0.820933,band,data/runs/cal_uber_01.sqlite,0
157d36e40c24bb3b,c2f0263e7615e819:pre_money:e1cda081:A,daa51e318f827a5c:amount:7becbddd:A,Uber,Uber,funding_round/series_c,funding_round/unknown,growthequityinterviewguide.com,sg.finance.yahoo.com,"For instance, Uber raised $258 million in Series C funding in 2013, led by Google Ventures and TPG Growth, with a pre-money valuation of $3.5 billion.","Reuters - Uber is in talks to sell more than $1 billion in convertible debt, a source familiar with the matter said, soon after the U.S. taxi service said it raised $1.2 billion in its latest funding round.",1.000000,1.000000,0.000000,1.000000,0.103752,0.810375,band,data/runs/cal_uber_01.sqlite,0
a37cfbb461a2c4b6,c762e6bdfbbeefc2:post_money:ce420cad:A,dd36e69f13867aa6:post_money:555fa415:A,Uber,Uber,funding_round/unknown,funding_round/series_c,time.com,tracxn.com,valuing the company at $17 billion.,"Aug 14, 2013 | $361M | Series C | $3.76B | - | ||",1.000000,1.000000,0.000000,1.000000,0.155289,0.815529,band,data/runs/cal_uber_01.sqlite,0
a5035dfda63432e4,c762e6bdfbbeefc2:post_money:ce420cad:A,fa703c06cd7450fb:amount:1674ae2b:A,Uber,Uber,funding_round/unknown,funding_round/unknown,time.com,www.cnbc.com,valuing the company at $17 billion.,"The company is offering 180 million shares of common stock, which means it could raise around $8.1 billion on Friday",1.000000,1.000000,0.000000,1.000000,0.373363,0.837336,band,data/runs/cal_uber_01.sqlite,0
f22ca07d32f03b45,daa51e318f827a5c:amount:7becbddd:A,dd36e69f13867aa6:post_money:555fa415:A,Uber,Uber,funding_round/unknown,funding_round/series_c,sg.finance.yahoo.com,tracxn.com,"Reuters - Uber is in talks to sell more than $1 billion in convertible debt, a source familiar with the matter said, soon after the U.S. taxi service said it raised $1.2 billion in its latest funding round.","Aug 14, 2013 | $361M | Series C | $3.76B | - | ||",1.000000,1.000000,0.000000,1.000000,0.171480,0.817148,band,data/runs/cal_uber_01.sqlite,0
e24aedcd8748dd75,daa51e318f827a5c:amount:9d1726f5:A,dd36e69f13867aa6:post_money:d30e4554:A,Uber,Uber,funding_round/unknown,funding_round/series_d,sg.finance.yahoo.com,tracxn.com,"Uber was valued at $18.2 billion in June when it raised $1.2 billion from mutual funds and investors, including Fidelity Investments, Wellington Management and BlackRock.","Jun 06, 2014 | $1.2B | Series D | $40B | - | ||",1.000000,1.000000,0.000000,1.000000,0.171480,0.817148,band,data/runs/cal_uber_01.sqlite,0
e7b4fb061ec98114,daa51e318f827a5c:post_money:f2904d51:A,dd36e69f13867aa6:post_money:21c40db7:A,Uber,Uber,funding_round/unknown,funding_round/series_f,sg.finance.yahoo.com,tracxn.com,"Uber was valued at $18.2 billion in June when it raised $1.2 billion from mutual funds and investors, including Fidelity Investments, Wellington Management and BlackRock.","Jul 31, 2015 | $1B | Series F | $50B | - | - | |",1.000000,1.000000,0.000000,1.000000,0.171480,0.817148,band,data/runs/cal_uber_01.sqlite,0
44da90a25cf8ca16,daa51e318f827a5c:post_money:f2904d51:A,dd36e69f13867aa6:post_money:f38cb5ed:A,Uber,Uber,funding_round/unknown,funding_round/series_g,sg.finance.yahoo.com,tracxn.com,"Uber was valued at $18.2 billion in June when it raised $1.2 billion from mutual funds and investors, including Fidelity Investments, Wellington Management and BlackRock.","Jul 07, 2016 | Undisclosed | Series G | $28B | - | - | |",1.000000,1.000000,0.000000,1.000000,0.171480,0.817148,band,data/runs/cal_uber_01.sqlite,0
f38b71379aa84211,dd36e69f13867aa6:post_money:21c40db7:A,fa703c06cd7450fb:amount:1674ae2b:A,Uber,Uber,funding_round/series_f,funding_round/unknown,tracxn.com,www.cnbc.com,"Jul 31, 2015 | $1B | Series F | $50B | - | - | |","The company is offering 180 million shares of common stock, which means it could raise around $8.1 billion on Friday",1.000000,1.000000,0.000000,1.000000,0.415921,0.841592,band,data/runs/cal_uber_01.sqlite,0
a40406edeaff7def,dd36e69f13867aa6:post_money:d30e4554:A,fa703c06cd7450fb:amount:1674ae2b:A,Uber,Uber,funding_round/series_d,funding_round/unknown,tracxn.com,www.cnbc.com,"Jun 06, 2014 | $1.2B | Series D | $40B | - | ||","The company is offering 180 million shares of common stock, which means it could raise around $8.1 billion on Friday",1.000000,1.000000,0.000000,1.000000,0.415921,0.841592,band,data/runs/cal_uber_01.sqlite,0
20540fb76e93ec3a,0697da150451eef7:share_price:884e3767:A,4a524d4c37e06f18:post_money:363ef733:A,Instacart,Instacart,funding_round/series_d,funding_round/series_h,www.cnbc.com,public.com,and the Series D at $18.52.,"Instacart raised $200 million of Series H venture funding in a deal led by Valiant Capital Partners and D1 Capital Partners on October 8, 2020, putting the company at a valuation of $17.5 billion.",1.000000,1.000000,0.000000,1.000000,0.996172,0.899617,easy_pos,data/runs/cal_instacart_01.sqlite,0
3daecf8139de5bb3,0697da150451eef7:share_price:884e3767:A,87ea45a2ff91024f:post_money:3322a8a0:A,Instacart,Instacart,funding_round/series_d,funding_round/unknown,www.cnbc.com,www.grocerydive.com,and the Series D at $18.52.,"in October, noted it had bagged another $200 million that raised its valuation to $17.7 billion.",1.000000,1.000000,0.000000,1.000000,0.601731,0.860173,easy_pos,data/runs/cal_instacart_01.sqlite,0
a1b40ba9394baf45,0697da150451eef7:share_price:884e3767:A,af5125cf4c1a889a:post_money:a043a2f7:A,Instacart,Instacart,funding_round/series_d,funding_round/unknown,www.cnbc.com,techcrunch.com,and the Series D at $18.52.,more than double its $17.7 billion valuation when it raised its last financing,1.000000,1.000000,0.000000,1.000000,0.601731,0.860173,easy_pos,data/runs/cal_instacart_01.sqlite,0
59796aee3231f343,0697da150451eef7:share_price:e009c7a0:A,af5125cf4c1a889a:amount:1deb50ff:A,Instacart,Instacart,funding_round/series_c,funding_round/unknown,www.cnbc.com,techcrunch.com,Both firms were in the Series C at $13.31 a share,"last year, Instacart announced three separate raises, including a $225 million round in June",1.000000,1.000000,0.000000,1.000000,0.601731,0.860173,easy_pos,data/runs/cal_instacart_01.sqlite,0
ebfd1003e5462500,0697da150451eef7:share_price:f8110e23:A,bc3d9452e0dc4d59:amount:d658105d:A,Instacart,Instacart,funding_round/series_a,funding_round/unknown,www.cnbc.com,www.forbes.com,"the price was just 24 cents a share, according to the prospectus","Mehta debuted as a billionaire after raising $225 million in June, which valued the company at $13.7 billion",1.000000,1.000000,0.000000,1.000000,0.555772,0.855577,easy_pos,data/runs/cal_instacart_01.sqlite,0
a81e7aafff7cbdac,07ceb09da1249ae6:post_money:c9a4c465:A,31f75e6ebfbfe9c2:amount:2ffc0df7:A,Instacart,Instacart,funding_round/series_d,funding_round/unknown,techcrunch.com,www.cnbc.com,Grocery delivery startup Instacart recently closed a $400 million Series D round of funding at a valuation of $3.4 billion.,Instacart announced this morning that it has closed a $220 million funding round,1.000000,1.000000,0.000000,1.000000,0.633536,0.863354,easy_pos,data/runs/cal_instacart_01.sqlite,0
9957b442fb4445aa,07ceb09da1249ae6:post_money:c9a4c465:A,bc3d9452e0dc4d59:amount:d658105d:A,Instacart,Instacart,funding_round/series_d,funding_round/unknown,techcrunch.com,www.forbes.com,Grocery delivery startup Instacart recently closed a $400 million Series D round of funding at a valuation of $3.4 billion.,"Mehta debuted as a billionaire after raising $225 million in June, which valued the company at $13.7 billion",1.000000,1.000000,0.000000,1.000000,0.500546,0.850055,easy_pos,data/runs/cal_instacart_01.sqlite,0
c0f547cbcbb0b95b,26c2ab5b8b90ee0a:lead_investor:ed80e326:A,87ea45a2ff91024f:post_money:ed0aedaf:A,Instacart,Instacart,funding_round/series_a,funding_round/unknown,www.forbes.com,www.grocerydive.com,an $8.5 million Series A funding round in 2013 led by Silicon Valley venture capital firm Sequoia at $0.24 per share,The company announced in June that it raised $225 million at a $13.7 billion valuation,1.000000,1.000000,0.000000,1.000000,0.600413,0.860041,easy_pos,data/runs/cal_instacart_01.sqlite,0
7adc1aca7a6e8515,31f75e6ebfbfe9c2:amount:2ffc0df7:A,e12ed79220275d81:post_money:2d6aa0c0:A,Instacart,Instacart,funding_round/unknown,funding_round/unknown,www.cnbc.com,www.cnbc.com,Instacart announced this morning that it has closed a $220 million funding round,"Instacart announced a $600 million financing round led by D1 Capital Partners, valuing the online grocery start-up at $7.6 billion.",1.000000,1.000000,1.000000,1.000000,0.470494,0.947049,easy_pos,data/runs/cal_instacart_01.sqlite,0
a7366c45b43e4a89,31f75e6ebfbfe9c2:amount:2ffc0df7:A,eb1787dcd632b896:post_money:1ca379c7:A,Instacart,Instacart,funding_round/unknown,funding_round/unknown,www.cnbc.com,www.cnbc.com,Instacart announced this morning that it has closed a $220 million funding round,"The round increases Instacart's valuation to $13.7 billion, up from $8 billion when it last raised money in 2018.",1.000000,1.000000,1.000000,1.000000,0.338481,0.933848,easy_pos,data/runs/cal_instacart_01.sqlite,0
701e038bc78ff871,33173ba0e061e755:post_money:0fc78e02:A,57a8cd0cf37fa137:post_money:b2b05408:A,Instacart,Instacart,funding_round/series_e,funding_round/unknown,www.cooley.com,www.prnewswire.com,The latest round brings Instacart’s valuation to $4.35 billion.,Today's announcement increases the company's valuation to $39 billion.,1.000000,1.000000,0.000000,1.000000,0.560973,0.856097,easy_pos,data/runs/cal_instacart_01.sqlite,0
b4dd8b2aa8a7a515,4a524d4c37e06f18:post_money:363ef733:A,b51239a9c7eaef3e:post_money:d58e4d5a:A,Instacart,Instacart,funding_round/series_h,funding_round/series_f,public.com,tracxn.com,"Instacart raised $200 million of Series H venture funding in a deal led by Valiant Capital Partners and D1 Capital Partners on October 8, 2020, putting the company at a valuation of $17.5 billion.","Oct 08, 2020 | $200M | Series F | $17.7B",1.000000,1.000000,0.000000,1.000000,0.997811,0.899781,easy_pos,data/runs/cal_instacart_01.sqlite,0
74dc9256e362ca42,57a8cd0cf37fa137:post_money:b2b05408:A,b51239a9c7eaef3e:post_money:f94c00ba:A,Instacart,Instacart,funding_round/unknown,funding_round/series_f,www.prnewswire.com,tracxn.com,Today's announcement increases the company's valuation to $39 billion.,"Oct 16, 2018 | $600M | Series F | $7.6B",1.000000,1.000000,0.000000,1.000000,0.598115,0.859811,easy_pos,data/runs/cal_instacart_01.sqlite,0
99d1f81938f35e47,57a8cd0cf37fa137:post_money:b2b05408:A,bc3d9452e0dc4d59:amount:d658105d:A,Instacart,Instacart,funding_round/unknown,funding_round/unknown,www.prnewswire.com,www.forbes.com,Today's announcement increases the company's valuation to $39 billion.,"Mehta debuted as a billionaire after raising $225 million in June, which valued the company at $13.7 billion",1.000000,1.000000,0.000000,1.000000,0.923622,0.892362,easy_pos,data/runs/cal_instacart_01.sqlite,0
41f229c017b8a811,87ea45a2ff91024f:post_money:3322a8a0:A,c071e5941cc0163b:post_money:fcb276fd:A,Instacart,Instacart,funding_round/unknown,funding_round/unknown,www.grocerydive.com,techcrunch.com,"in October, noted it had bagged another $200 million that raised its valuation to $17.7 billion.","Instacart is now worth $17.7 billion, post-money, or $17.5 billion pre-money.",1.000000,1.000000,0.000000,1.000000,0.923622,0.892362,easy_pos,data/runs/cal_instacart_01.sqlite,1
ae95a173d39e864b,87ea45a2ff91024f:post_money:88b02358:A,b51239a9c7eaef3e:post_money:a85dda53:A,Instacart,Instacart,funding_round/unknown,funding_round/series_f,www.grocerydive.com,tracxn.com,"Instacart has raised $265 million in new funding, more than doubling its valuation to $39 billion","Jun 11, 2020 | $225M | Series F | $14B",1.000000,1.000000,0.000000,1.000000,0.598115,0.859811,easy_pos,data/runs/cal_instacart_01.sqlite,0
dea06c916f570a86,87ea45a2ff91024f:post_money:88b02358:A,c071e5941cc0163b:post_money:4370a2c5:A,Instacart,Instacart,funding_round/unknown,funding_round/unknown,www.grocerydive.com,techcrunch.com,"Instacart has raised $265 million in new funding, more than doubling its valuation to $39 billion",The June round valued the company at around $13.7 billion,1.000000,1.000000,0.000000,1.000000,0.923622,0.892362,easy_pos,data/runs/cal_instacart_01.sqlite,0
aeeda789e8efa8bc,87ea45a2ff91024f:post_money:88b02358:A,d76e5a3d2b4697e5:post_money:0e83f221:A,Instacart,Instacart,funding_round/unknown,funding_round/unknown,www.grocerydive.com,fortune.com,"Instacart has raised $265 million in new funding, more than doubling its valuation to $39 billion","...co-led two subsequent rounds, one in 2020 at a $17.7 billion valuation and one in 2021 at a $39 billion valuation, though the amount of capital raised in those rounds was smaller.",1.000000,1.000000,0.000000,1.000000,0.600413,0.860041,easy_pos,data/runs/cal_instacart_01.sqlite,1
0c912b0a0c10451d,87ea45a2ff91024f:post_money:ed0aedaf:A,bc3d9452e0dc4d59:post_money:4bfba9aa:A,Instacart,Instacart,funding_round/unknown,funding_round/series_h,www.grocerydive.com,www.forbes.com,The company announced in June that it raised $225 million at a $13.7 billion valuation,a $200 million Series H round that values the delivery app at $17.7 billion,1.000000,1.000000,0.000000,1.000000,0.923622,0.892362,easy_pos,data/runs/cal_instacart_01.sqlite,0
3d3b0e47e4177153,87ea45a2ff91024f:post_money:ed0aedaf:A,c071e5941cc0163b:post_money:fcb276fd:A,Instacart,Instacart,funding_round/unknown,funding_round/unknown,www.grocerydive.com,techcrunch.com,The company announced in June that it raised $225 million at a $13.7 billion valuation,"Instacart is now worth $17.7 billion, post-money, or $17.5 billion pre-money.",1.000000,1.000000,0.000000,1.000000,0.923622,0.892362,easy_pos,data/runs/cal_instacart_01.sqlite,0
c4caef85e5298f15,8ed409dd9c4bd971:post_money:e4c4bc04:A,af5125cf4c1a889a:post_money:a0d4dd2c:A,Instacart,Instacart,funding_round/unknown,funding_round/unknown,www.clay.com,techcrunch.com,"- Private Equity Round
- Amount Raised: USD 265,000,000
- Date: March 2021
- Valuation at Round: USD 39,000,000,000",The new funding ... pushes the company’s valuation to $39 billion,1.000000,1.000000,0.000000,1.000000,0.795732,0.879573,easy_pos,data/runs/cal_instacart_01.sqlite,1
0af52b6e99b6addd,8ed409dd9c4bd971:post_money:e4c4bc04:A,bc3d9452e0dc4d59:post_money:4bfba9aa:A,Instacart,Instacart,funding_round/unknown,funding_round/series_h,www.clay.com,www.forbes.com,"- Private Equity Round
- Amount Raised: USD 265,000,000
- Date: March 2021
- Valuation at Round: USD 39,000,000,000",a $200 million Series H round that values the delivery app at $17.7 billion,1.000000,1.000000,0.000000,1.000000,0.861534,0.886153,easy_pos,data/runs/cal_instacart_01.sqlite,0
8d6df6ccf3ecf9cc,8ed409dd9c4bd971:post_money:efbc5765:A,c071e5941cc0163b:post_money:0d6999e3:A,Instacart,Instacart,funding_round/unknown,funding_round/series_f,www.clay.com,techcrunch.com,"- Private Equity Round
- Amount Raised: USD 200,000,000
- Date: October 2020
- Valuation at Round: USD 17,700,000,000","Instacart’s valuation has more than doubled since its 2018 Series F, when it was worth around $7.9 billion.",1.000000,1.000000,0.000000,1.000000,0.861534,0.886153,easy_pos,data/runs/cal_instacart_01.sqlite,0
d6cad79b335bef40,8ed409dd9c4bd971:post_money:efbc5765:A,eb1787dcd632b896:post_money:1ca379c7:A,Instacart,Instacart,funding_round/unknown,funding_round/unknown,www.clay.com,www.cnbc.com,"- Private Equity Round
- Amount Raised: USD 200,000,000
- Date: October 2020
- Valuation at Round: USD 17,700,000,000","The round increases Instacart's valuation to $13.7 billion, up from $8 billion when it last raised money in 2018.",1.000000,1.000000,0.000000,1.000000,0.919582,0.891958,easy_pos,data/runs/cal_instacart_01.sqlite,0
4803f93f2be7d036,99f70ca7fcaa157e:post_money:b0f733ce:A,a3bc704b6b83d223:post_money:2c466a19:A,Instacart,Instacart,funding_round/unknown,funding_round/series_a,www.retaildive.com,finance.yahoo.com,"The funding round puts the estimated total value of Instacart at $3.4 billion, up from $2 billion in its previous round.","2013: $10.8 million Series A | $25 million valuation | Sequoia, SV Angel",1.000000,1.000000,0.000000,1.000000,0.806265,0.880627,easy_pos,data/runs/cal_instacart_01.sqlite,0
746325829fa4c3ee,a3bc704b6b83d223:post_money:2c466a19:A,c071e5941cc0163b:post_money:4370a2c5:A,Instacart,Instacart,funding_round/series_a,funding_round/unknown,finance.yahoo.com,techcrunch.com,"2013: $10.8 million Series A | $25 million valuation | Sequoia, SV Angel",The June round valued the company at around $13.7 billion,1.000000,1.000000,0.000000,1.000000,0.605037,0.860504,easy_pos,data/runs/cal_instacart_01.sqlite,0
71ea343649960913,a3bc704b6b83d223:post_money:63e74755:A,a3bc704b6b83d223:post_money:919898a6:A,Instacart,Instacart,funding_round/series_c,funding_round/series_e,finance.yahoo.com,finance.yahoo.com,"2015: $220 million Series C | $1.96 billion valuation | Kleiner Perkins Caufield & Byers, Comcast Ventures",Instacart has raised $150 million in fresh financing at a $4.35 billion valuation.,1.000000,1.000000,1.000000,1.000000,1.000000,1.000000,easy_pos,data/runs/cal_instacart_01.sqlite,0
5d32d6f4f6db3177,a3bc704b6b83d223:post_money:919898a6:A,c47384dd3e44b4df:post_money:b2854cf8:A,Instacart,Instacart,funding_round/series_e,funding_round/unknown,finance.yahoo.com,www.grocerydive.com,Instacart has raised $150 million in fresh financing at a $4.35 billion valuation.,"The funding, which follows a round of $225 million raised in June, brings its total valuation to $17.7 billion.",1.000000,1.000000,0.000000,1.000000,0.604706,0.860471,easy_pos,data/runs/cal_instacart_01.sqlite,0
f7722bdf78f95d87,af5125cf4c1a889a:amount:1deb50ff:A,b51239a9c7eaef3e:post_money:a85dda53:A,Instacart,Instacart,funding_round/unknown,funding_round/series_f,techcrunch.com,tracxn.com,"last year, Instacart announced three separate raises, including a $225 million round in June","Jun 11, 2020 | $225M | Series F | $14B",1.000000,1.000000,0.000000,1.000000,0.598115,0.859811,easy_pos,data/runs/cal_instacart_01.sqlite,1
987effcd0ea868eb,af5125cf4c1a889a:amount:1deb50ff:A,bc3d9452e0dc4d59:amount:d658105d:A,Instacart,Instacart,funding_round/unknown,funding_round/unknown,techcrunch.com,www.forbes.com,"last year, Instacart announced three separate raises, including a $225 million round in June","Mehta debuted as a billionaire after raising $225 million in June, which valued the company at $13.7 billion",1.000000,1.000000,0.000000,1.000000,0.923622,0.892362,easy_pos,data/runs/cal_instacart_01.sqlite,1
1d9adf63836a4b2f,af5125cf4c1a889a:amount:1deb50ff:A,bc3d9452e0dc4d59:post_money:4bfba9aa:A,Instacart,Instacart,funding_round/unknown,funding_round/series_h,techcrunch.com,www.forbes.com,"last year, Instacart announced three separate raises, including a $225 million round in June",a $200 million Series H round that values the delivery app at $17.7 billion,1.000000,1.000000,0.000000,1.000000,0.923622,0.892362,easy_pos,data/runs/cal_instacart_01.sqlite,0
44df6dcfdd5acac8,af5125cf4c1a889a:amount:1deb50ff:A,c071e5941cc0163b:post_money:fcb276fd:A,Instacart,Instacart,funding_round/unknown,funding_round/unknown,techcrunch.com,techcrunch.com,"last year, Instacart announced three separate raises, including a $225 million round in June","Instacart is now worth $17.7 billion, post-money, or $17.5 billion pre-money.",1.000000,1.000000,1.000000,1.000000,0.923622,0.992362,easy_pos,data/runs/cal_instacart_01.sqlite,0
6de889569f8bc4bf,af5125cf4c1a889a:amount:1deb50ff:A,d76e5a3d2b4697e5:post_money:14aa90f4:A,Instacart,Instacart,funding_round/unknown,funding_round/unknown,techcrunch.com,fortune.com,"last year, Instacart announced three separate raises, including a $225 million round in June","The firm first invested in 2018, according to PitchBook, leading a $871 million round at a $7.9 billion valuation.",1.000000,1.000000,0.000000,1.000000,0.600413,0.860041,easy_pos,data/runs/cal_instacart_01.sqlite,0
69ec8d5f09b4eb35,af5125cf4c1a889a:amount:4648e61f:A,c071e5941cc0163b:post_money:0d6999e3:A,Instacart,Instacart,funding_round/unknown,funding_round/series_f,techcrunch.com,techcrunch.com,followed by a $100 million round in July,"Instacart’s valuation has more than doubled since its 2018 Series F, when it was worth around $7.9 billion.",1.000000,1.000000,1.000000,1.000000,0.923622,0.992362,easy_pos,data/runs/cal_instacart_01.sqlite,0
c53c61c8af962be5,af5125cf4c1a889a:amount:65a71897:A,b51239a9c7eaef3e:post_money:c10f4b68:A,Instacart,Instacart,funding_round/unknown,funding_round/series_e,techcrunch.com,tracxn.com,"its last financing, a $200 million venture round in October 2020","Apr 05, 2018 | $150M | Series E | $4.35B",1.000000,1.000000,0.000000,1.000000,0.598115,0.859811,easy_pos,data/runs/cal_instacart_01.sqlite,0
3870d95f1d0efa06,af5125cf4c1a889a:amount:65a71897:A,c071e5941cc0163b:post_money:fcb276fd:A,Instacart,Instacart,funding_round/unknown,funding_round/unknown,techcrunch.com,techcrunch.com,"its last financing, a $200 million venture round in October 2020","Instacart is now worth $17.7 billion, post-money, or $17.5 billion pre-money.",1.000000,1.000000,1.000000,1.000000,0.923622,0.992362,easy_pos,data/runs/cal_instacart_01.sqlite,1
a9a946d151dced4e,af5125cf4c1a889a:post_money:a043a2f7:A,c071e5941cc0163b:pre_money:98b09615:A,Instacart,Instacart,funding_round/unknown,funding_round/unknown,techcrunch.com,techcrunch.com,more than double its $17.7 billion valuation when it raised its last financing,"Instacart is now worth $17.7 billion, post-money, or $17.5 billion pre-money.",1.000000,1.000000,1.000000,1.000000,0.923622,0.992362,easy_pos,data/runs/cal_instacart_01.sqlite,1
38005887543eebbd,af5125cf4c1a889a:post_money:a043a2f7:A,d76e5a3d2b4697e5:post_money:14aa90f4:A,Instacart,Instacart,funding_round/unknown,funding_round/unknown,techcrunch.com,fortune.com,more than double its $17.7 billion valuation when it raised its last financing,"The firm first invested in 2018, according to PitchBook, leading a $871 million round at a $7.9 billion valuation.",1.000000,1.000000,0.000000,1.000000,0.600413,0.860041,easy_pos,data/runs/cal_instacart_01.sqlite,0
0e3fad0803423a68,af5125cf4c1a889a:post_money:a0d4dd2c:A,c071e5941cc0163b:post_money:fcb276fd:A,Instacart,Instacart,funding_round/unknown,funding_round/unknown,techcrunch.com,techcrunch.com,The new funding ... pushes the company’s valuation to $39 billion,"Instacart is now worth $17.7 billion, post-money, or $17.5 billion pre-money.",1.000000,1.000000,1.000000,1.000000,0.923622,0.992362,easy_pos,data/runs/cal_instacart_01.sqlite,0
43f1c1145884e447,b51239a9c7eaef3e:post_money:6ad7dbe0:A,b51239a9c7eaef3e:post_money:7406a53f:A,Instacart,Instacart,funding_round/series_f,funding_round/series_c,tracxn.com,tracxn.com,"Mar 02, 2021 | $265M | Series F | $39B","Dec 30, 2014 | $220M | Series C | $2B",1.000000,1.000000,1.000000,1.000000,1.000000,1.000000,easy_pos,data/runs/cal_instacart_01.sqlite,0
89714077f1e37d7a,b51239a9c7eaef3e:post_money:6ad7dbe0:A,b51239a9c7eaef3e:post_money:c10f4b68:A,Instacart,Instacart,funding_round/series_f,funding_round/series_e,tracxn.com,tracxn.com,"Mar 02, 2021 | $265M | Series F | $39B","Apr 05, 2018 | $150M | Series E | $4.35B",1.000000,1.000000,1.000000,1.000000,1.000000,1.000000,easy_pos,data/runs/cal_instacart_01.sqlite,0
a9418bfb8cbde717,b51239a9c7eaef3e:post_money:6ad7dbe0:A,b51239a9c7eaef3e:post_money:f94c00ba:A,Instacart,Instacart,funding_round/series_f,funding_round/series_f,tracxn.com,tracxn.com,"Mar 02, 2021 | $265M | Series F | $39B","Oct 16, 2018 | $600M | Series F | $7.6B",1.000000,1.000000,1.000000,1.000000,1.000000,1.000000,easy_pos,data/runs/cal_instacart_01.sqlite,1
4fd4377681b0a5f1,b51239a9c7eaef3e:post_money:6ad7dbe0:A,c071e5941cc0163b:post_money:fcb276fd:A,Instacart,Instacart,funding_round/series_f,funding_round/unknown,tracxn.com,techcrunch.com,"Mar 02, 2021 | $265M | Series F | $39B","Instacart is now worth $17.7 billion, post-money, or $17.5 billion pre-money.",1.000000,1.000000,0.000000,1.000000,0.552432,0.855243,easy_pos,data/runs/cal_instacart_01.sqlite,0
582d263e6f5098ef,b51239a9c7eaef3e:post_money:7406a53f:A,b51239a9c7eaef3e:post_money:a85dda53:A,Instacart,Instacart,funding_round/series_c,funding_round/series_f,tracxn.com,tracxn.com,"Dec 30, 2014 | $220M | Series C | $2B","Jun 11, 2020 | $225M | Series F | $14B",1.000000,1.000000,1.000000,1.000000,1.000000,1.000000,easy_pos,data/runs/cal_instacart_01.sqlite,0
99dcef6ac2f1b990,b51239a9c7eaef3e:post_money:7406a53f:A,bc3d9452e0dc4d59:post_money:1b47d782:A,Instacart,Instacart,funding_round/series_c,funding_round/unknown,tracxn.com,www.forbes.com,"Dec 30, 2014 | $220M | Series C | $2B","after raising $225 million in June, which valued the company at $13.7 billion",1.000000,1.000000,0.000000,1.000000,0.552432,0.855243,easy_pos,data/runs/cal_instacart_01.sqlite,0
f831c9e541da5c61,b51239a9c7eaef3e:post_money:7406a53f:A,eb1787dcd632b896:post_money:1ca379c7:A,Instacart,Instacart,funding_round/series_c,funding_round/unknown,tracxn.com,www.cnbc.com,"Dec 30, 2014 | $220M | Series C | $2B","The round increases Instacart's valuation to $13.7 billion, up from $8 billion when it last raised money in 2018.",1.000000,1.000000,0.000000,1.000000,0.517560,0.851756,easy_pos,data/runs/cal_instacart_01.sqlite,0
239dd19cd57fa5ea,b51239a9c7eaef3e:post_money:8f0ea3de:A,c071e5941cc0163b:pre_money:98b09615:A,Instacart,Instacart,funding_round/series_f,funding_round/unknown,tracxn.com,techcrunch.com,"Nov 15, 2018 | $271M | Series F | $7.87B","Instacart is now worth $17.7 billion, post-money, or $17.5 billion pre-money.",1.000000,1.000000,0.000000,1.000000,0.552432,0.855243,easy_pos,data/runs/cal_instacart_01.sqlite,0
b2ce51200437d37b,b51239a9c7eaef3e:post_money:a85dda53:A,bc3d9452e0dc4d59:amount:f3daf9dd:A,Instacart,Instacart,funding_round/series_f,funding_round/series_h,tracxn.com,www.forbes.com,"Jun 11, 2020 | $225M | Series F | $14B",Instacart announced its second nine-figure funding raise this year with a $200 million Series H round,1.000000,1.000000,0.000000,1.000000,0.552432,0.855243,easy_pos,data/runs/cal_instacart_01.sqlite,0
966f120ddcb78040,b51239a9c7eaef3e:post_money:c10f4b68:A,c071e5941cc0163b:pre_money:98b09615:A,Instacart,Instacart,funding_round/series_e,funding_round/unknown,tracxn.com,techcrunch.com,"Apr 05, 2018 | $150M | Series E | $4.35B","Instacart is now worth $17.7 billion, post-money, or $17.5 billion pre-money.",1.000000,1.000000,0.000000,1.000000,0.552432,0.855243,easy_pos,data/runs/cal_instacart_01.sqlite,0
75b1acf0429c00fd,b51239a9c7eaef3e:post_money:d58e4d5a:A,c071e5941cc0163b:pre_money:98b09615:A,Instacart,Instacart,funding_round/series_f,funding_round/unknown,tracxn.com,techcrunch.com,"Oct 08, 2020 | $200M | Series F | $17.7B","Instacart is now worth $17.7 billion, post-money, or $17.5 billion pre-money.",1.000000,1.000000,0.000000,1.000000,0.552432,0.855243,easy_pos,data/runs/cal_instacart_01.sqlite,1
ffbbb264330c3709,b51239a9c7eaef3e:post_money:d58e4d5a:A,d76e5a3d2b4697e5:post_money:0e83f221:A,Instacart,Instacart,funding_round/series_f,funding_round/unknown,tracxn.com,fortune.com,"Oct 08, 2020 | $200M | Series F | $17.7B","...co-led two subsequent rounds, one in 2020 at a $17.7 billion valuation and one in 2021 at a $39 billion valuation, though the amount of capital raised in those rounds was smaller.",1.000000,1.000000,0.000000,1.000000,0.996172,0.899617,easy_pos,data/runs/cal_instacart_01.sqlite,0
ae38bfa5b1757c89,b51239a9c7eaef3e:post_money:f94c00ba:A,c071e5941cc0163b:post_money:fcb276fd:A,Instacart,Instacart,funding_round/series_f,funding_round/unknown,tracxn.com,techcrunch.com,"Oct 16, 2018 | $600M | Series F | $7.6B","Instacart is now worth $17.7 billion, post-money, or $17.5 billion pre-money.",1.000000,1.000000,0.000000,1.000000,0.552432,0.855243,easy_pos,data/runs/cal_instacart_01.sqlite,0
0b8ee70d9904300c,b51239a9c7eaef3e:post_money:f94c00ba:A,c071e5941cc0163b:pre_money:98b09615:A,Instacart,Instacart,funding_round/series_f,funding_round/unknown,tracxn.com,techcrunch.com,"Oct 16, 2018 | $600M | Series F | $7.6B","Instacart is now worth $17.7 billion, post-money, or $17.5 billion pre-money.",1.000000,1.000000,0.000000,1.000000,0.552432,0.855243,easy_pos,data/runs/cal_instacart_01.sqlite,0
532d11d57de16931,bc3d9452e0dc4d59:amount:d658105d:A,c071e5941cc0163b:post_money:4370a2c5:A,Instacart,Instacart,funding_round/unknown,funding_round/unknown,www.forbes.com,techcrunch.com,"Mehta debuted as a billionaire after raising $225 million in June, which valued the company at $13.7 billion",The June round valued the company at around $13.7 billion,1.000000,1.000000,0.000000,1.000000,1.000000,0.900000,easy_pos,data/runs/cal_instacart_01.sqlite,1
0d73e9c4bf005a14,bc3d9452e0dc4d59:amount:d658105d:A,d76e5a3d2b4697e5:post_money:0e83f221:A,Instacart,Instacart,funding_round/unknown,funding_round/unknown,www.forbes.com,fortune.com,"Mehta debuted as a billionaire after raising $225 million in June, which valued the company at $13.7 billion","...co-led two subsequent rounds, one in 2020 at a $17.7 billion valuation and one in 2021 at a $39 billion valuation, though the amount of capital raised in those rounds was smaller.",1.000000,1.000000,0.000000,1.000000,0.554555,0.855456,easy_pos,data/runs/cal_instacart_01.sqlite,0
7b0079558b41d552,bc3d9452e0dc4d59:amount:f3daf9dd:A,c071e5941cc0163b:post_money:0d6999e3:A,Instacart,Instacart,funding_round/series_h,funding_round/series_f,www.forbes.com,techcrunch.com,Instacart announced its second nine-figure funding raise this year with a $200 million Series H round,"Instacart’s valuation has more than doubled since its 2018 Series F, when it was worth around $7.9 billion.",1.000000,1.000000,0.000000,1.000000,1.000000,0.900000,easy_pos,data/runs/cal_instacart_01.sqlite,0
ef4e192d5264709f,bc3d9452e0dc4d59:post_money:1b47d782:A,c071e5941cc0163b:post_money:fcb276fd:A,Instacart,Instacart,funding_round/unknown,funding_round/unknown,www.forbes.com,techcrunch.com,"after raising $225 million in June, which valued the company at $13.7 billion","Instacart is now worth $17.7 billion, post-money, or $17.5 billion pre-money.",1.000000,1.000000,0.000000,1.000000,1.000000,0.900000,easy_pos,data/runs/cal_instacart_01.sqlite,0
75bc7e433b5085a9,bc3d9452e0dc4d59:post_money:4bfba9aa:A,c071e5941cc0163b:post_money:0d6999e3:A,Instacart,Instacart,funding_round/series_h,funding_round/series_f,www.forbes.com,techcrunch.com,a $200 million Series H round that values the delivery app at $17.7 billion,"Instacart’s valuation has more than doubled since its 2018 Series F, when it was worth around $7.9 billion.",1.000000,1.000000,0.000000,1.000000,1.000000,0.900000,easy_pos,data/runs/cal_instacart_01.sqlite,0
ca144ca66993a53a,c071e5941cc0163b:post_money:0d6999e3:A,c071e5941cc0163b:post_money:4370a2c5:A,Instacart,Instacart,funding_round/series_f,funding_round/unknown,techcrunch.com,techcrunch.com,"Instacart’s valuation has more than doubled since its 2018 Series F, when it was worth around $7.9 billion.",The June round valued the company at around $13.7 billion,1.000000,1.000000,1.000000,1.000000,1.000000,1.000000,easy_pos,data/runs/cal_instacart_01.sqlite,0
bd6b4f0fba08606f,c071e5941cc0163b:post_money:0d6999e3:A,c47384dd3e44b4df:post_money:b2854cf8:A,Instacart,Instacart,funding_round/series_f,funding_round/unknown,techcrunch.com,www.grocerydive.com,"Instacart’s valuation has more than doubled since its 2018 Series F, when it was worth around $7.9 billion.","The funding, which follows a round of $225 million raised in June, brings its total valuation to $17.7 billion.",1.000000,1.000000,0.000000,1.000000,0.999452,0.899945,easy_pos,data/runs/cal_instacart_01.sqlite,0
b86c6f0ce9657046,0697da150451eef7:share_price:884e3767:A,8ed409dd9c4bd971:post_money:e4c4bc04:A,Instacart,Instacart,funding_round/series_d,funding_round/unknown,www.cnbc.com,www.clay.com,and the Series D at $18.52.,"- Private Equity Round
- Amount Raised: USD 265,000,000
- Date: March 2021
- Valuation at Round: USD 39,000,000,000",1.000000,1.000000,0.000000,1.000000,0.478816,0.847882,band,data/runs/cal_instacart_01.sqlite,0
a164559a2542000b,0697da150451eef7:share_price:884e3767:A,99f70ca7fcaa157e:post_money:b2a03f8d:A,Instacart,Instacart,funding_round/series_d,funding_round/series_d,www.cnbc.com,www.retaildive.com,and the Series D at $18.52.,"The funding round puts the estimated total value of Instacart at $3.4 billion, up from $2 billion in its previous round.",1.000000,1.000000,0.000000,1.000000,0.271117,0.827112,band,data/runs/cal_instacart_01.sqlite,1
44f02053ed821fc8,0697da150451eef7:share_price:884e3767:A,a3bc704b6b83d223:post_money:63e74755:A,Instacart,Instacart,funding_round/series_d,funding_round/series_c,www.cnbc.com,finance.yahoo.com,and the Series D at $18.52.,"2015: $220 million Series C | $1.96 billion valuation | Kleiner Perkins Caufield & Byers, Comcast Ventures",1.000000,1.000000,0.000000,1.000000,0.336263,0.833626,band,data/runs/cal_instacart_01.sqlite,0
1256d212872ca884,0697da150451eef7:share_price:884e3767:A,a3bc704b6b83d223:post_money:919898a6:A,Instacart,Instacart,funding_round/series_d,funding_round/series_e,www.cnbc.com,finance.yahoo.com,and the Series D at $18.52.,Instacart has raised $150 million in fresh financing at a $4.35 billion valuation.,1.000000,1.000000,0.000000,1.000000,0.336263,0.833626,band,data/runs/cal_instacart_01.sqlite,0
3716b1f4ee251952,0697da150451eef7:share_price:e009c7a0:A,99f70ca7fcaa157e:post_money:b0f733ce:A,Instacart,Instacart,funding_round/series_c,funding_round/unknown,www.cnbc.com,www.retaildive.com,Both firms were in the Series C at $13.31 a share,"The funding round puts the estimated total value of Instacart at $3.4 billion, up from $2 billion in its previous round.",1.000000,1.000000,0.000000,1.000000,0.271117,0.827112,band,data/runs/cal_instacart_01.sqlite,0
70d1e1bead291db1,0697da150451eef7:share_price:e009c7a0:A,a3bc704b6b83d223:post_money:2c466a19:A,Instacart,Instacart,funding_round/series_c,funding_round/series_a,www.cnbc.com,finance.yahoo.com,Both firms were in the Series C at $13.31 a share,"2013: $10.8 million Series A | $25 million valuation | Sequoia, SV Angel",1.000000,1.000000,0.000000,1.000000,0.336263,0.833626,band,data/runs/cal_instacart_01.sqlite,0
d37984cc5b2e89ed,0697da150451eef7:share_price:e009c7a0:A,a3bc704b6b83d223:post_money:b23b5fa1:A,Instacart,Instacart,funding_round/series_c,funding_round/unknown,www.cnbc.com,finance.yahoo.com,Both firms were in the Series C at $13.31 a share,2016: $36 million corporate round | $2 billion valuation | Whole Foods,1.000000,1.000000,0.000000,1.000000,0.336263,0.833626,band,data/runs/cal_instacart_01.sqlite,0
48f664c3c8412d5d,0697da150451eef7:share_price:f8110e23:A,a3bc704b6b83d223:post_money:4572fa17:A,Instacart,Instacart,funding_round/series_a,funding_round/series_b,www.cnbc.com,finance.yahoo.com,"the price was just 24 cents a share, according to the prospectus","2014: $44 million Series B | $380 million valuation | Andreessen Horowitz, Sequoia",1.000000,1.000000,0.000000,1.000000,0.336263,0.833626,band,data/runs/cal_instacart_01.sqlite,0
885932aa1a667eb5,07ceb09da1249ae6:post_money:c9a4c465:A,4a524d4c37e06f18:post_money:363ef733:A,Instacart,Instacart,funding_round/series_d,funding_round/series_h,techcrunch.com,public.com,Grocery delivery startup Instacart recently closed a $400 million Series D round of funding at a valuation of $3.4 billion.,"Instacart raised $200 million of Series H venture funding in a deal led by Valiant Capital Partners and D1 Capital Partners on October 8, 2020, putting the company at a valuation of $17.5 billion.",1.000000,1.000000,0.000000,1.000000,0.277125,0.827712,band,data/runs/cal_instacart_01.sqlite,0
6dc46f11e3f97e5e,07ceb09da1249ae6:post_money:c9a4c465:A,87ea45a2ff91024f:post_money:3322a8a0:A,Instacart,Instacart,funding_round/series_d,funding_round/unknown,techcrunch.com,www.grocerydive.com,Grocery delivery startup Instacart recently closed a $400 million Series D round of funding at a valuation of $3.4 billion.,"in October, noted it had bagged another $200 million that raised its valuation to $17.7 billion.",1.000000,1.000000,0.000000,1.000000,0.462316,0.846232,band,data/runs/cal_instacart_01.sqlite,0
0e5a595e21364983,07ceb09da1249ae6:post_money:c9a4c465:A,b51239a9c7eaef3e:post_money:c10f4b68:A,Instacart,Instacart,funding_round/series_d,funding_round/series_e,techcrunch.com,tracxn.com,Grocery delivery startup Instacart recently closed a $400 million Series D round of funding at a valuation of $3.4 billion.,"Apr 05, 2018 | $150M | Series E | $4.35B",1.000000,1.000000,0.000000,1.000000,0.276518,0.827652,band,data/runs/cal_instacart_01.sqlite,0
43cb860578a43c8a,07ceb09da1249ae6:post_money:c9a4c465:A,b51239a9c7eaef3e:post_money:f94c00ba:A,Instacart,Instacart,funding_round/series_d,funding_round/series_f,techcrunch.com,tracxn.com,Grocery delivery startup Instacart recently closed a $400 million Series D round of funding at a valuation of $3.4 billion.,"Oct 16, 2018 | $600M | Series F | $7.6B",1.000000,1.000000,0.000000,1.000000,0.276518,0.827652,band,data/runs/cal_instacart_01.sqlite,0
18b30ce69deae3bf,26c2ab5b8b90ee0a:lead_investor:ed80e326:A,99f70ca7fcaa157e:post_money:b0f733ce:A,Instacart,Instacart,funding_round/series_a,funding_round/unknown,www.forbes.com,www.retaildive.com,an $8.5 million Series A funding round in 2013 led by Silicon Valley venture capital firm Sequoia at $0.24 per share,"The funding round puts the estimated total value of Instacart at $3.4 billion, up from $2 billion in its previous round.",1.000000,1.000000,0.000000,1.000000,0.270523,0.827052,band,data/runs/cal_instacart_01.sqlite,0
9205c3d5d6e360e9,26c2ab5b8b90ee0a:lead_investor:ed80e326:A,a3bc704b6b83d223:post_money:63e74755:A,Instacart,Instacart,funding_round/series_a,funding_round/series_c,www.forbes.com,finance.yahoo.com,an $8.5 million Series A funding round in 2013 led by Silicon Valley venture capital firm Sequoia at $0.24 per share,"2015: $220 million Series C | $1.96 billion valuation | Kleiner Perkins Caufield & Byers, Comcast Ventures",1.000000,1.000000,0.000000,1.000000,0.335526,0.833553,band,data/runs/cal_instacart_01.sqlite,0
811f127296007dc7,26c2ab5b8b90ee0a:lead_investor:ed80e326:A,e12ed79220275d81:lead_investor:fa8abf50:A,Instacart,Instacart,funding_round/series_a,funding_round/unknown,www.forbes.com,www.cnbc.com,an $8.5 million Series A funding round in 2013 led by Silicon Valley venture capital firm Sequoia at $0.24 per share,"Instacart announced a $600 million financing round led by D1 Capital Partners, valuing the online grocery start-up at $7.6 billion.",1.000000,1.000000,0.000000,1.000000,0.373772,0.837377,band,data/runs/cal_instacart_01.sqlite,0
627e0d94da735ccb,26c2ab5b8b90ee0a:lead_investor:ed80e326:A,e12ed79220275d81:post_money:2d6aa0c0:A,Instacart,Instacart,funding_round/series_a,funding_round/unknown,www.forbes.com,www.cnbc.com,an $8.5 million Series A funding round in 2013 led by Silicon Valley venture capital firm Sequoia at $0.24 per share,"Instacart announced a $600 million financing round led by D1 Capital Partners, valuing the online grocery start-up at $7.6 billion.",1.000000,1.000000,0.000000,1.000000,0.373772,0.837377,band,data/runs/cal_instacart_01.sqlite,0
ac1426a85d31b1c5,26c2ab5b8b90ee0a:post_money:cdc3f2cb:A,33173ba0e061e755:post_money:0fc78e02:A,Instacart,Instacart,funding_round/unknown,funding_round/series_e,www.forbes.com,www.cooley.com,"the infamous March 2021 funding round which valued it at $38.5 billion, pricing shares at $125",The latest round brings Instacart’s valuation to $4.35 billion.,1.000000,1.000000,0.000000,1.000000,0.336816,0.833682,band,data/runs/cal_instacart_01.sqlite,0
3fd88c064b6e1c46,26c2ab5b8b90ee0a:post_money:cdc3f2cb:A,8ed409dd9c4bd971:post_money:e4c4bc04:A,Instacart,Instacart,funding_round/unknown,funding_round/unknown,www.forbes.com,www.clay.com,"the infamous March 2021 funding round which valued it at $38.5 billion, pricing shares at $125","- Private Equity Round
- Amount Raised: USD 265,000,000
- Date: March 2021
- Valuation at Round: USD 39,000,000,000",1.000000,1.000000,0.000000,1.000000,0.477768,0.847777,band,data/runs/cal_instacart_01.sqlite,1
6a9f4d7f4db18dc4,26c2ab5b8b90ee0a:post_money:cdc3f2cb:A,e12ed79220275d81:post_money:2d6aa0c0:A,Instacart,Instacart,funding_round/unknown,funding_round/unknown,www.forbes.com,www.cnbc.com,"the infamous March 2021 funding round which valued it at $38.5 billion, pricing shares at $125","Instacart announced a $600 million financing round led by D1 Capital Partners, valuing the online grocery start-up at $7.6 billion.",1.000000,1.000000,0.000000,1.000000,0.373772,0.837377,band,data/runs/cal_instacart_01.sqlite,0
a6c11e689c0cad53,31802eabc74de8e5:post_money:57ac926c:A,31f75e6ebfbfe9c2:amount:2ffc0df7:A,Instacart,Instacart,funding_round/unknown,funding_round/unknown,www.grocerydive.com,www.cnbc.com,increasing the company’s valuation to $7.6 billion,Instacart announced this morning that it has closed a $220 million funding round,1.000000,1.000000,0.000000,1.000000,0.471268,0.847127,band,data/runs/cal_instacart_01.sqlite,0
5cb69ad6dcda44e4,31802eabc74de8e5:post_money:57ac926c:A,b51239a9c7eaef3e:post_money:5401a4ff:A,Instacart,Instacart,funding_round/unknown,funding_round/series_f,www.grocerydive.com,tracxn.com,increasing the company’s valuation to $7.6 billion,"Jul 03, 2020 | $100M | Series F | $13.8B",1.000000,1.000000,0.000000,1.000000,0.371729,0.837173,band,data/runs/cal_instacart_01.sqlite,0
41dffceb367de608,31802eabc74de8e5:post_money:57ac926c:A,b51239a9c7eaef3e:post_money:99e55c50:A,Instacart,Instacart,funding_round/unknown,funding_round/series_e,www.grocerydive.com,tracxn.com,increasing the company’s valuation to $7.6 billion,"Feb 12, 2018 | $200M | Series E | $4.2B",1.000000,1.000000,0.000000,1.000000,0.371729,0.837173,band,data/runs/cal_instacart_01.sqlite,0
0efa6c91d4807a6a,31802eabc74de8e5:post_money:57ac926c:A,b51239a9c7eaef3e:post_money:d58e4d5a:A,Instacart,Instacart,funding_round/unknown,funding_round/series_f,www.grocerydive.com,tracxn.com,increasing the company’s valuation to $7.6 billion,"Oct 08, 2020 | $200M | Series F | $17.7B",1.000000,1.000000,0.000000,1.000000,0.371729,0.837173,band,data/runs/cal_instacart_01.sqlite,0
aaf1033b026cf840,31f75e6ebfbfe9c2:amount:2ffc0df7:A,87ea45a2ff91024f:post_money:3322a8a0:A,Instacart,Instacart,funding_round/unknown,funding_round/unknown,www.cnbc.com,www.grocerydive.com,Instacart announced this morning that it has closed a $220 million funding round,"in October, noted it had bagged another $200 million that raised its valuation to $17.7 billion.",1.000000,1.000000,0.000000,1.000000,0.292894,0.829289,band,data/runs/cal_instacart_01.sqlite,1
e87bf11a6d88b5f2,31f75e6ebfbfe9c2:amount:2ffc0df7:A,af5125cf4c1a889a:amount:65a71897:A,Instacart,Instacart,funding_round/unknown,funding_round/unknown,www.cnbc.com,techcrunch.com,Instacart announced this morning that it has closed a $220 million funding round,"its last financing, a $200 million venture round in October 2020",1.000000,1.000000,0.000000,1.000000,0.292894,0.829289,band,data/runs/cal_instacart_01.sqlite,0
ef12ce778ddef1b0,31f75e6ebfbfe9c2:amount:2ffc0df7:A,b51239a9c7eaef3e:post_money:a85dda53:A,Instacart,Instacart,funding_round/unknown,funding_round/series_f,www.cnbc.com,tracxn.com,Instacart announced this morning that it has closed a $220 million funding round,"Jun 11, 2020 | $225M | Series F | $14B",1.000000,1.000000,0.000000,1.000000,0.175184,0.817518,band,data/runs/cal_instacart_01.sqlite,0
a73afb3de7aaf2e8,31f75e6ebfbfe9c2:amount:2ffc0df7:A,b51239a9c7eaef3e:post_money:c10f4b68:A,Instacart,Instacart,funding_round/unknown,funding_round/series_e,www.cnbc.com,tracxn.com,Instacart announced this morning that it has closed a $220 million funding round,"Apr 05, 2018 | $150M | Series E | $4.35B",1.000000,1.000000,0.000000,1.000000,0.175184,0.817518,band,data/runs/cal_instacart_01.sqlite,0
24155b76e5930487,31f75e6ebfbfe9c2:amount:2ffc0df7:A,c071e5941cc0163b:post_money:0d6999e3:A,Instacart,Instacart,funding_round/unknown,funding_round/series_f,www.cnbc.com,techcrunch.com,Instacart announced this morning that it has closed a $220 million funding round,"Instacart’s valuation has more than doubled since its 2018 Series F, when it was worth around $7.9 billion.",1.000000,1.000000,0.000000,1.000000,0.317114,0.831711,band,data/runs/cal_instacart_01.sqlite,0
4dfbfd277f9b760e,31f75e6ebfbfe9c2:amount:2ffc0df7:A,c071e5941cc0163b:post_money:4370a2c5:A,Instacart,Instacart,funding_round/unknown,funding_round/unknown,www.cnbc.com,techcrunch.com,Instacart announced this morning that it has closed a $220 million funding round,The June round valued the company at around $13.7 billion,1.000000,1.000000,0.000000,1.000000,0.317114,0.831711,band,data/runs/cal_instacart_01.sqlite,0
66d6659931977bbc,31f75e6ebfbfe9c2:amount:2ffc0df7:A,c47384dd3e44b4df:post_money:b2854cf8:A,Instacart,Instacart,funding_round/unknown,funding_round/unknown,www.cnbc.com,www.grocerydive.com,Instacart announced this morning that it has closed a $220 million funding round,"The funding, which follows a round of $225 million raised in June, brings its total valuation to $17.7 billion.",1.000000,1.000000,0.000000,1.000000,0.316941,0.831694,band,data/runs/cal_instacart_01.sqlite,0
4f8581bceef153a3,33173ba0e061e755:post_money:0fc78e02:A,b51239a9c7eaef3e:post_money:a54d4cde:A,Instacart,Instacart,funding_round/series_e,funding_round/series_b,www.cooley.com,tracxn.com,The latest round brings Instacart’s valuation to $4.35 billion.,"Jun 24, 2014 | $44M | Series B | $2B",1.000000,1.000000,0.000000,1.000000,0.335526,0.833553,band,data/runs/cal_instacart_01.sqlite,0
c4d4d50cd74f6058,33173ba0e061e755:post_money:0fc78e02:A,b51239a9c7eaef3e:post_money:f94c00ba:A,Instacart,Instacart,funding_round/series_e,funding_round/series_f,www.cooley.com,tracxn.com,The latest round brings Instacart’s valuation to $4.35 billion.,"Oct 16, 2018 | $600M | Series F | $7.6B",1.000000,1.000000,0.000000,1.000000,0.335526,0.833553,band,data/runs/cal_instacart_01.sqlite,0
e297dccb5e5eaa72,33173ba0e061e755:post_money:0fc78e02:A,d76e5a3d2b4697e5:post_money:14aa90f4:A,Instacart,Instacart,funding_round/series_e,funding_round/unknown,www.cooley.com,fortune.com,The latest round brings Instacart’s valuation to $4.35 billion.,"The firm first invested in 2018, according to PitchBook, leading a $871 million round at a $7.9 billion valuation.",1.000000,1.000000,0.000000,1.000000,0.336816,0.833682,band,data/runs/cal_instacart_01.sqlite,0
6aa9eab49ef70d94,4a524d4c37e06f18:post_money:363ef733:A,8ed409dd9c4bd971:post_money:efbc5765:A,Instacart,Instacart,funding_round/series_h,funding_round/unknown,public.com,www.clay.com,"Instacart raised $200 million of Series H venture funding in a deal led by Valiant Capital Partners and D1 Capital Partners on October 8, 2020, putting the company at a valuation of $17.5 billion.","- Private Equity Round
- Amount Raised: USD 200,000,000
- Date: October 2020
- Valuation at Round: USD 17,700,000,000",1.000000,1.000000,0.000000,1.000000,0.476983,0.847698,band,data/runs/cal_instacart_01.sqlite,1
40831eb10773f2c9,4a524d4c37e06f18:post_money:363ef733:A,a3bc704b6b83d223:post_money:2c466a19:A,Instacart,Instacart,funding_round/series_h,funding_round/series_a,public.com,finance.yahoo.com,"Instacart raised $200 million of Series H venture funding in a deal led by Valiant Capital Partners and D1 Capital Partners on October 8, 2020, putting the company at a valuation of $17.5 billion.","2013: $10.8 million Series A | $25 million valuation | Sequoia, SV Angel",1.000000,1.000000,0.000000,1.000000,0.334975,0.833498,band,data/runs/cal_instacart_01.sqlite,0
10e863c6ff2485f7,4a524d4c37e06f18:post_money:363ef733:A,a3bc704b6b83d223:post_money:919898a6:A,Instacart,Instacart,funding_round/series_h,funding_round/series_e,public.com,finance.yahoo.com,"Instacart raised $200 million of Series H venture funding in a deal led by Valiant Capital Partners and D1 Capital Partners on October 8, 2020, putting the company at a valuation of $17.5 billion.",Instacart has raised $150 million in fresh financing at a $4.35 billion valuation.,1.000000,1.000000,0.000000,1.000000,0.334975,0.833498,band,data/runs/cal_instacart_01.sqlite,0
7886588c99a7a2b4,72e2905fb4837b59:post_money:9e94c37c:A,99f70ca7fcaa157e:post_money:b2a03f8d:A,Instacart,Instacart,funding_round/unknown,funding_round/series_d,company.instacart.com,www.retaildive.com,Today’s announcement increases the company’s valuation to $39 billion.,"The funding round puts the estimated total value of Instacart at $3.4 billion, up from $2 billion in its previous round.",1.000000,1.000000,0.000000,1.000000,0.450562,0.845056,band,data/runs/cal_instacart_01.sqlite,0
bcc8bf2aeaf79431,87ea45a2ff91024f:post_money:3322a8a0:A,99f70ca7fcaa157e:post_money:b2a03f8d:A,Instacart,Instacart,funding_round/unknown,funding_round/series_d,www.grocerydive.com,www.retaildive.com,"in October, noted it had bagged another $200 million that raised its valuation to $17.7 billion.","The funding round puts the estimated total value of Instacart at $3.4 billion, up from $2 billion in its previous round.",1.000000,1.000000,0.000000,1.000000,0.450562,0.845056,band,data/runs/cal_instacart_01.sqlite,0
0c8a08b2e05ea1bd,8ed409dd9c4bd971:post_money:e4c4bc04:A,b51239a9c7eaef3e:post_money:8f0ea3de:A,Instacart,Instacart,funding_round/unknown,funding_round/series_f,www.clay.com,tracxn.com,"- Private Equity Round
- Amount Raised: USD 265,000,000
- Date: March 2021
- Valuation at Round: USD 39,000,000,000","Nov 15, 2018 | $271M | Series F | $7.87B",1.000000,1.000000,0.000000,1.000000,0.475939,0.847594,band,data/runs/cal_instacart_01.sqlite,0
325c509f0f95cf0d,8ed409dd9c4bd971:post_money:e4c4bc04:A,b51239a9c7eaef3e:post_money:d58e4d5a:A,Instacart,Instacart,funding_round/unknown,funding_round/series_f,www.clay.com,tracxn.com,"- Private Equity Round
- Amount Raised: USD 265,000,000
- Date: March 2021
- Valuation at Round: USD 39,000,000,000","Oct 08, 2020 | $200M | Series F | $17.7B",1.000000,1.000000,0.000000,1.000000,0.475939,0.847594,band,data/runs/cal_instacart_01.sqlite,0
32338c1e1daad4e6,8ed409dd9c4bd971:post_money:e4c4bc04:A,b51239a9c7eaef3e:post_money:f94c00ba:A,Instacart,Instacart,funding_round/unknown,funding_round/series_f,www.clay.com,tracxn.com,"- Private Equity Round
- Amount Raised: USD 265,000,000
- Date: March 2021
- Valuation at Round: USD 39,000,000,000","Oct 16, 2018 | $600M | Series F | $7.6B",1.000000,1.000000,0.000000,1.000000,0.475939,0.847594,band,data/runs/cal_instacart_01.sqlite,0
e72328318c9bd9e2,8ed409dd9c4bd971:post_money:efbc5765:A,b51239a9c7eaef3e:post_money:c10f4b68:A,Instacart,Instacart,funding_round/unknown,funding_round/series_e,www.clay.com,tracxn.com,"- Private Equity Round
- Amount Raised: USD 200,000,000
- Date: October 2020
- Valuation at Round: USD 17,700,000,000","Apr 05, 2018 | $150M | Series E | $4.35B",1.000000,1.000000,0.000000,1.000000,0.475939,0.847594,band,data/runs/cal_instacart_01.sqlite,0
b004c25df7b7d838,8ed409dd9c4bd971:post_money:efbc5765:A,b51239a9c7eaef3e:post_money:d58e4d5a:A,Instacart,Instacart,funding_round/unknown,funding_round/series_f,www.clay.com,tracxn.com,"- Private Equity Round
- Amount Raised: USD 200,000,000
- Date: October 2020
- Valuation at Round: USD 17,700,000,000","Oct 08, 2020 | $200M | Series F | $17.7B",1.000000,1.000000,0.000000,1.000000,0.475939,0.847594,band,data/runs/cal_instacart_01.sqlite,0
a9acea07665433f1,8ed409dd9c4bd971:post_money:efbc5765:A,d76e5a3d2b4697e5:post_money:44068333:A,Instacart,Instacart,funding_round/unknown,funding_round/unknown,www.clay.com,fortune.com,"- Private Equity Round
- Amount Raised: USD 200,000,000
- Date: October 2020
- Valuation at Round: USD 17,700,000,000","...co-led two subsequent rounds, one in 2020 at a $17.7 billion valuation and one in 2021 at a $39 billion valuation, though the amount of capital raised in those rounds was smaller.",1.000000,1.000000,0.000000,1.000000,0.477768,0.847777,band,data/runs/cal_instacart_01.sqlite,1
ec87f6c0c5f67cbe,99f70ca7fcaa157e:post_money:b0f733ce:A,b51239a9c7eaef3e:post_money:6ad7dbe0:A,Instacart,Instacart,funding_round/unknown,funding_round/series_f,www.retaildive.com,tracxn.com,"The funding round puts the estimated total value of Instacart at $3.4 billion, up from $2 billion in its previous round.","Mar 02, 2021 | $265M | Series F | $39B",1.000000,1.000000,0.000000,1.000000,0.269488,0.826949,band,data/runs/cal_instacart_01.sqlite,0
de4328f8b1bfe983,99f70ca7fcaa157e:post_money:b0f733ce:A,b51239a9c7eaef3e:post_money:a85dda53:A,Instacart,Instacart,funding_round/unknown,funding_round/series_f,www.retaildive.com,tracxn.com,"The funding round puts the estimated total value of Instacart at $3.4 billion, up from $2 billion in its previous round.","Jun 11, 2020 | $225M | Series F | $14B",1.000000,1.000000,0.000000,1.000000,0.269488,0.826949,band,data/runs/cal_instacart_01.sqlite,0
44f045f91b411924,99f70ca7fcaa157e:post_money:b0f733ce:A,b51239a9c7eaef3e:post_money:f94c00ba:A,Instacart,Instacart,funding_round/unknown,funding_round/series_f,www.retaildive.com,tracxn.com,"The funding round puts the estimated total value of Instacart at $3.4 billion, up from $2 billion in its previous round.","Oct 16, 2018 | $600M | Series F | $7.6B",1.000000,1.000000,0.000000,1.000000,0.269488,0.826949,band,data/runs/cal_instacart_01.sqlite,0
715d235340b09b0f,99f70ca7fcaa157e:post_money:b2a03f8d:A,bc3d9452e0dc4d59:post_money:4bfba9aa:A,Instacart,Instacart,funding_round/series_d,funding_round/series_h,www.retaildive.com,www.forbes.com,"The funding round puts the estimated total value of Instacart at $3.4 billion, up from $2 billion in its previous round.",a $200 million Series H round that values the delivery app at $17.7 billion,1.000000,1.000000,0.000000,1.000000,0.487820,0.848782,band,data/runs/cal_instacart_01.sqlite,0
fdd3e1557465fb62,99f70ca7fcaa157e:post_money:b2a03f8d:A,c071e5941cc0163b:pre_money:98b09615:A,Instacart,Instacart,funding_round/series_d,funding_round/unknown,www.retaildive.com,techcrunch.com,"The funding round puts the estimated total value of Instacart at $3.4 billion, up from $2 billion in its previous round.","Instacart is now worth $17.7 billion, post-money, or $17.5 billion pre-money.",1.000000,1.000000,0.000000,1.000000,0.487820,0.848782,band,data/runs/cal_instacart_01.sqlite,0
a30cead7912c7b59,99f70ca7fcaa157e:post_money:b2a03f8d:A,c47384dd3e44b4df:post_money:b2854cf8:A,Instacart,Instacart,funding_round/series_d,funding_round/unknown,www.retaildive.com,www.grocerydive.com,"The funding round puts the estimated total value of Instacart at $3.4 billion, up from $2 billion in its previous round.","The funding, which follows a round of $225 million raised in June, brings its total valuation to $17.7 billion.",1.000000,1.000000,0.000000,1.000000,0.487553,0.848755,band,data/runs/cal_instacart_01.sqlite,0
211ed15f21150f6f,99f70ca7fcaa157e:post_money:b2a03f8d:A,d76e5a3d2b4697e5:post_money:14aa90f4:A,Instacart,Instacart,funding_round/series_d,funding_round/unknown,www.retaildive.com,fortune.com,"The funding round puts the estimated total value of Instacart at $3.4 billion, up from $2 billion in its previous round.","The firm first invested in 2018, according to PitchBook, leading a $871 million round at a $7.9 billion valuation.",1.000000,1.000000,0.000000,1.000000,0.270523,0.827052,band,data/runs/cal_instacart_01.sqlite,0
01e78523cbd91a46,a3bc704b6b83d223:post_money:4572fa17:A,b51239a9c7eaef3e:post_money:5401a4ff:A,Instacart,Instacart,funding_round/series_b,funding_round/series_f,finance.yahoo.com,tracxn.com,"2014: $44 million Series B | $380 million valuation | Andreessen Horowitz, Sequoia","Jul 03, 2020 | $100M | Series F | $13.8B",1.000000,1.000000,0.000000,1.000000,0.334242,0.833424,band,data/runs/cal_instacart_01.sqlite,0
0aa76dede89dba3b,a3bc704b6b83d223:post_money:4572fa17:A,b51239a9c7eaef3e:post_money:a54d4cde:A,Instacart,Instacart,funding_round/series_b,funding_round/series_b,finance.yahoo.com,tracxn.com,"2014: $44 million Series B | $380 million valuation | Andreessen Horowitz, Sequoia","Jun 24, 2014 | $44M | Series B | $2B",1.000000,1.000000,0.000000,1.000000,0.334242,0.833424,band,data/runs/cal_instacart_01.sqlite,1
6e037e662246f2e9,a3bc704b6b83d223:post_money:4572fa17:A,b51239a9c7eaef3e:post_money:f7f89f56:A,Instacart,Instacart,funding_round/series_b,funding_round/series_d,finance.yahoo.com,tracxn.com,"2014: $44 million Series B | $380 million valuation | Andreessen Horowitz, Sequoia","Mar 15, 2017 | $413M | Series D | $3.4B",1.000000,1.000000,0.000000,1.000000,0.334242,0.833424,band,data/runs/cal_instacart_01.sqlite,0
f9498d7909b01f3b,a3bc704b6b83d223:post_money:63e74755:A,b51239a9c7eaef3e:post_money:5401a4ff:A,Instacart,Instacart,funding_round/series_c,funding_round/series_f,finance.yahoo.com,tracxn.com,"2015: $220 million Series C | $1.96 billion valuation | Kleiner Perkins Caufield & Byers, Comcast Ventures","Jul 03, 2020 | $100M | Series F | $13.8B",1.000000,1.000000,0.000000,1.000000,0.334242,0.833424,band,data/runs/cal_instacart_01.sqlite,0
a27769dcaed49161,a3bc704b6b83d223:post_money:63e74755:A,b51239a9c7eaef3e:post_money:6ad7dbe0:A,Instacart,Instacart,funding_round/series_c,funding_round/series_f,finance.yahoo.com,tracxn.com,"2015: $220 million Series C | $1.96 billion valuation | Kleiner Perkins Caufield & Byers, Comcast Ventures","Mar 02, 2021 | $265M | Series F | $39B",1.000000,1.000000,0.000000,1.000000,0.334242,0.833424,band,data/runs/cal_instacart_01.sqlite,0
d594b8d0f6f4028a,a3bc704b6b83d223:post_money:63e74755:A,b51239a9c7eaef3e:post_money:c10f4b68:A,Instacart,Instacart,funding_round/series_c,funding_round/series_e,finance.yahoo.com,tracxn.com,"2015: $220 million Series C | $1.96 billion valuation | Kleiner Perkins Caufield & Byers, Comcast Ventures","Apr 05, 2018 | $150M | Series E | $4.35B",1.000000,1.000000,0.000000,1.000000,0.334242,0.833424,band,data/runs/cal_instacart_01.sqlite,0
3682ca194a32b5a5,a3bc704b6b83d223:post_money:85793d77:A,b51239a9c7eaef3e:post_money:5401a4ff:A,Instacart,Instacart,funding_round/series_d,funding_round/series_f,finance.yahoo.com,tracxn.com,"2017: $413 million Series D | $3.41 billion valuation | Sequoia, Thrive Capital","Jul 03, 2020 | $100M | Series F | $13.8B",1.000000,1.000000,0.000000,1.000000,0.334242,0.833424,band,data/runs/cal_instacart_01.sqlite,0
dbb6cacb13feecd0,a3bc704b6b83d223:post_money:85793d77:A,b51239a9c7eaef3e:post_money:a54d4cde:A,Instacart,Instacart,funding_round/series_d,funding_round/series_b,finance.yahoo.com,tracxn.com,"2017: $413 million Series D | $3.41 billion valuation | Sequoia, Thrive Capital","Jun 24, 2014 | $44M | Series B | $2B",1.000000,1.000000,0.000000,1.000000,0.334242,0.833424,band,data/runs/cal_instacart_01.sqlite,0
549f610c067587d2,a3bc704b6b83d223:post_money:85793d77:A,b51239a9c7eaef3e:post_money:c10f4b68:A,Instacart,Instacart,funding_round/series_d,funding_round/series_e,finance.yahoo.com,tracxn.com,"2017: $413 million Series D | $3.41 billion valuation | Sequoia, Thrive Capital","Apr 05, 2018 | $150M | Series E | $4.35B",1.000000,1.000000,0.000000,1.000000,0.334242,0.833424,band,data/runs/cal_instacart_01.sqlite,0
be0d033c2a55024a,a3bc704b6b83d223:post_money:919898a6:A,b51239a9c7eaef3e:post_money:5401a4ff:A,Instacart,Instacart,funding_round/series_e,funding_round/series_f,finance.yahoo.com,tracxn.com,Instacart has raised $150 million in fresh financing at a $4.35 billion valuation.,"Jul 03, 2020 | $100M | Series F | $13.8B",1.000000,1.000000,0.000000,1.000000,0.334242,0.833424,band,data/runs/cal_instacart_01.sqlite,0
bdc645d1427b56fe,a3bc704b6b83d223:post_money:919898a6:A,b51239a9c7eaef3e:post_money:6ad7dbe0:A,Instacart,Instacart,funding_round/series_e,funding_round/series_f,finance.yahoo.com,tracxn.com,Instacart has raised $150 million in fresh financing at a $4.35 billion valuation.,"Mar 02, 2021 | $265M | Series F | $39B",1.000000,1.000000,0.000000,1.000000,0.334242,0.833424,band,data/runs/cal_instacart_01.sqlite,0
d3bdd498be052c00,a3bc704b6b83d223:post_money:919898a6:A,b51239a9c7eaef3e:post_money:7406a53f:A,Instacart,Instacart,funding_round/series_e,funding_round/series_c,finance.yahoo.com,tracxn.com,Instacart has raised $150 million in fresh financing at a $4.35 billion valuation.,"Dec 30, 2014 | $220M | Series C | $2B",1.000000,1.000000,0.000000,1.000000,0.334242,0.833424,band,data/runs/cal_instacart_01.sqlite,0
885a25b787b20ac4,a3bc704b6b83d223:post_money:919898a6:A,b51239a9c7eaef3e:post_money:99e55c50:A,Instacart,Instacart,funding_round/series_e,funding_round/series_e,finance.yahoo.com,tracxn.com,Instacart has raised $150 million in fresh financing at a $4.35 billion valuation.,"Feb 12, 2018 | $200M | Series E | $4.2B",1.000000,1.000000,0.000000,1.000000,0.334242,0.833424,band,data/runs/cal_instacart_01.sqlite,1
0e03fb34b94c6981,a3bc704b6b83d223:post_money:919898a6:A,b51239a9c7eaef3e:post_money:a54d4cde:A,Instacart,Instacart,funding_round/series_e,funding_round/series_b,finance.yahoo.com,tracxn.com,Instacart has raised $150 million in fresh financing at a $4.35 billion valuation.,"Jun 24, 2014 | $44M | Series B | $2B",1.000000,1.000000,0.000000,1.000000,0.334242,0.833424,band,data/runs/cal_instacart_01.sqlite,0
1fc7ee6a4f0aa6cd,a3bc704b6b83d223:post_money:919898a6:A,b51239a9c7eaef3e:post_money:f7f89f56:A,Instacart,Instacart,funding_round/series_e,funding_round/series_d,finance.yahoo.com,tracxn.com,Instacart has raised $150 million in fresh financing at a $4.35 billion valuation.,"Mar 15, 2017 | $413M | Series D | $3.4B",1.000000,1.000000,0.000000,1.000000,0.334242,0.833424,band,data/runs/cal_instacart_01.sqlite,0
a6d4d747698e3558,a3bc704b6b83d223:post_money:919898a6:A,b51239a9c7eaef3e:post_money:f94c00ba:A,Instacart,Instacart,funding_round/series_e,funding_round/series_f,finance.yahoo.com,tracxn.com,Instacart has raised $150 million in fresh financing at a $4.35 billion valuation.,"Oct 16, 2018 | $600M | Series F | $7.6B",1.000000,1.000000,0.000000,1.000000,0.334242,0.833424,band,data/runs/cal_instacart_01.sqlite,0
1296fa3773b48eb8,a3bc704b6b83d223:post_money:b23b5fa1:A,d76e5a3d2b4697e5:post_money:14aa90f4:A,Instacart,Instacart,funding_round/unknown,funding_round/unknown,finance.yahoo.com,fortune.com,2016: $36 million corporate round | $2 billion valuation | Whole Foods,"The firm first invested in 2018, according to PitchBook, leading a $871 million round at a $7.9 billion valuation.",1.000000,1.000000,0.000000,1.000000,0.335526,0.833553,band,data/runs/cal_instacart_01.sqlite,0
9d138f8c76678ebc,a3bc704b6b83d223:post_money:b23b5fa1:A,d76e5a3d2b4697e5:post_money:44068333:A,Instacart,Instacart,funding_round/unknown,funding_round/unknown,finance.yahoo.com,fortune.com,2016: $36 million corporate round | $2 billion valuation | Whole Foods,"...co-led two subsequent rounds, one in 2020 at a $17.7 billion valuation and one in 2021 at a $39 billion valuation, though the amount of capital raised in those rounds was smaller.",1.000000,1.000000,0.000000,1.000000,0.335526,0.833553,band,data/runs/cal_instacart_01.sqlite,0
8e8468a1c02f4594,b51239a9c7eaef3e:post_money:6ad7dbe0:A,e12ed79220275d81:post_money:2d6aa0c0:A,Instacart,Instacart,funding_round/series_f,funding_round/unknown,tracxn.com,www.cnbc.com,"Mar 02, 2021 | $265M | Series F | $39B","Instacart announced a $600 million financing round led by D1 Capital Partners, valuing the online grocery start-up at $7.6 billion.",1.000000,1.000000,0.000000,1.000000,0.372341,0.837234,band,data/runs/cal_instacart_01.sqlite,0
01b33f309c0b1a95,b51239a9c7eaef3e:post_money:8f0ea3de:A,e12ed79220275d81:post_money:2d6aa0c0:A,Instacart,Instacart,funding_round/series_f,funding_round/unknown,tracxn.com,www.cnbc.com,"Nov 15, 2018 | $271M | Series F | $7.87B","Instacart announced a $600 million financing round led by D1 Capital Partners, valuing the online grocery start-up at $7.6 billion.",1.000000,1.000000,0.000000,1.000000,0.372341,0.837234,band,data/runs/cal_instacart_01.sqlite,0
0ab7b42769d33161,b51239a9c7eaef3e:post_money:99e55c50:A,e12ed79220275d81:lead_investor:fa8abf50:A,Instacart,Instacart,funding_round/series_e,funding_round/unknown,tracxn.com,www.cnbc.com,"Feb 12, 2018 | $200M | Series E | $4.2B","Instacart announced a $600 million financing round led by D1 Capital Partners, valuing the online grocery start-up at $7.6 billion.",1.000000,1.000000,0.000000,1.000000,0.372341,0.837234,band,data/runs/cal_instacart_01.sqlite,0
ea55cb38d3861bf4,b51239a9c7eaef3e:post_money:a54d4cde:A,e12ed79220275d81:lead_investor:fa8abf50:A,Instacart,Instacart,funding_round/series_b,funding_round/unknown,tracxn.com,www.cnbc.com,"Jun 24, 2014 | $44M | Series B | $2B","Instacart announced a $600 million financing round led by D1 Capital Partners, valuing the online grocery start-up at $7.6 billion.",1.000000,1.000000,0.000000,1.000000,0.372341,0.837234,band,data/runs/cal_instacart_01.sqlite,0
8611294f0cf0e104,b51239a9c7eaef3e:post_money:a54d4cde:A,e12ed79220275d81:post_money:2d6aa0c0:A,Instacart,Instacart,funding_round/series_b,funding_round/unknown,tracxn.com,www.cnbc.com,"Jun 24, 2014 | $44M | Series B | $2B","Instacart announced a $600 million financing round led by D1 Capital Partners, valuing the online grocery start-up at $7.6 billion.",1.000000,1.000000,0.000000,1.000000,0.372341,0.837234,band,data/runs/cal_instacart_01.sqlite,0
b7e89292efe818ff,b51239a9c7eaef3e:post_money:a85dda53:A,e12ed79220275d81:lead_investor:fa8abf50:A,Instacart,Instacart,funding_round/series_f,funding_round/unknown,tracxn.com,www.cnbc.com,"Jun 11, 2020 | $225M | Series F | $14B","Instacart announced a $600 million financing round led by D1 Capital Partners, valuing the online grocery start-up at $7.6 billion.",1.000000,1.000000,0.000000,1.000000,0.372341,0.837234,band,data/runs/cal_instacart_01.sqlite,0
d43b6aab37602b7b,b51239a9c7eaef3e:post_money:d58e4d5a:A,e12ed79220275d81:lead_investor:fa8abf50:A,Instacart,Instacart,funding_round/series_f,funding_round/unknown,tracxn.com,www.cnbc.com,"Oct 08, 2020 | $200M | Series F | $17.7B","Instacart announced a $600 million financing round led by D1 Capital Partners, valuing the online grocery start-up at $7.6 billion.",1.000000,1.000000,0.000000,1.000000,0.372341,0.837234,band,data/runs/cal_instacart_01.sqlite,0
7762cb04a33584f9,b51239a9c7eaef3e:post_money:f94c00ba:A,e12ed79220275d81:lead_investor:fa8abf50:A,Instacart,Instacart,funding_round/series_f,funding_round/unknown,tracxn.com,www.cnbc.com,"Oct 16, 2018 | $600M | Series F | $7.6B","Instacart announced a $600 million financing round led by D1 Capital Partners, valuing the online grocery start-up at $7.6 billion.",1.000000,1.000000,0.000000,1.000000,0.372341,0.837234,band,data/runs/cal_instacart_01.sqlite,1
a82d3a8fc82f7947,d76e5a3d2b4697e5:post_money:14aa90f4:A,e12ed79220275d81:lead_investor:fa8abf50:A,Instacart,Instacart,funding_round/unknown,funding_round/unknown,fortune.com,www.cnbc.com,"The firm first invested in 2018, according to PitchBook, leading a $871 million round at a $7.9 billion valuation.","Instacart announced a $600 million financing round led by D1 Capital Partners, valuing the online grocery start-up at $7.6 billion.",1.000000,1.000000,0.000000,1.000000,0.373772,0.837377,band,data/runs/cal_instacart_01.sqlite,0
d6c161c7c3d021f8,d76e5a3d2b4697e5:post_money:44068333:A,e12ed79220275d81:lead_investor:fa8abf50:A,Instacart,Instacart,funding_round/unknown,funding_round/unknown,fortune.com,www.cnbc.com,"...co-led two subsequent rounds, one in 2020 at a $17.7 billion valuation and one in 2021 at a $39 billion valuation, though the amount of capital raised in those rounds was smaller.","Instacart announced a $600 million financing round led by D1 Capital Partners, valuing the online grocery start-up at $7.6 billion.",1.000000,1.000000,0.000000,1.000000,0.373772,0.837377,band,data/runs/cal_instacart_01.sqlite,0
1e0f990e386e27a6,d76e5a3d2b4697e5:post_money:44068333:A,e12ed79220275d81:post_money:2d6aa0c0:A,Instacart,Instacart,funding_round/unknown,funding_round/unknown,fortune.com,www.cnbc.com,"...co-led two subsequent rounds, one in 2020 at a $17.7 billion valuation and one in 2021 at a $39 billion valuation, though the amount of capital raised in those rounds was smaller.","Instacart announced a $600 million financing round led by D1 Capital Partners, valuing the online grocery start-up at $7.6 billion.",1.000000,1.000000,0.000000,1.000000,0.373772,0.837377,band,data/runs/cal_instacart_01.sqlite,0
16872b6e5767f464,ba356cc038d7e46d:amount:ebeaeb6d:A,c8d6a2aa05b46cc3:amount:b5d4c4f4:A,Squarespace,Squarespace,funding_round/series_a,funding_round/unknown,www.revenuememo.com,www.venturecapitaljournal.com,"Series A | 2010 | $38.5 million | Index Ventures, Accel | Not disclosed",Firms & Funds Look for Squarespace to use $40 mln round to grow into new areas,1.000000,1.000000,0.000000,1.000000,0.084111,0.091807,xdom_pos,D:\Projects\webagg\data\runs\cert_formd_v2_cik0001496963.sqlite,1
7d6b1a32ead91189,cf09323af455b001:amount:1341da7c:A,e88282463f300822:amount:bf91750c:A,Illumio,Illumio,funding_round/series_c,funding_round/series_f,www.securityweek.com,www.thomabravo.com,Illumio announced on Tuesday that it has closed a massive $100 million Series C financing round,"Illumio, the pioneer and leader of Zero Trust Segmentation, today announced a $225 million Series F funding round at a $2.75 billion valuation.",1.000000,1.000000,0.000000,1.000000,0.116150,0.093233,xdom_pos,D:\Projects\webagg\data\runs\cert_formd_v2_cik0001567658.sqlite,1
a4e8cbc22ead42f0,2f14d40f3127434e:amount:c0b177d7:A,a12321a4640330be:amount:35701f87:A,Element Science,Element Science,funding_round/series_c,funding_round/series_c,openminds.com,globalventuring.com,announced that it had raised $145.6 million in Series C financing.,GV was among those to have put $145.6m into the company last week.,1.000000,1.000000,0.000000,1.000000,0.367074,0.107202,xdom_pos,D:\Projects\webagg\data\runs\cert_formd_v2_cik0001602935.sqlite,1
22a417a86a95f1d3,65dab67c1d7b2ebd:amount:37db9892:A,e011606aeef8d0a8:amount:8dfedaa2:A,Aledade,Aledade,funding_round/series_f,funding_round/series_c,startupintros.com,www.prnewswire.com,"Following a $260 million Series F funding round in 2023 led by Lightspeed Venture Partners, with participation from Venrock and OMERS Growth Equity, the enterprise reached a $3.5 billion valuation.","Today, Aledade announced it has closed a $64 million Series C funding round",1.000000,1.000000,0.000000,1.000000,0.287488,0.102194,xdom_pos,D:\Projects\webagg\data\runs\cert_formd_v2_cik0001611176.sqlite,1
7895823578842139,3c06325391fb479f:post_money:c9dec9e6:A,46ff52ac8a5793fb:amount:0ceba78f:A,Hinge Health,Hinge Health,funding_round/series_e,funding_round/series_d,tracxn.com,www.hingehealth.com,"Oct 22, 2021 | $400M | Series E | $6.2B | - | - |",Hinge Health raises $300M Series D at $3B valuation,1.000000,1.000000,0.000000,1.000000,0.416605,0.110618,xdom_pos,D:\Projects\webagg\data\runs\cert_formd_v2_cik0001673743.sqlite,1
6b45253d04f2703d,316b7e736472eb88:amount:c9428244:A,94addbda67ec12f7:amount:ccb7af91:A,Expel,Expel,funding_round/series_b,funding_round/series_e,www.privateequitywire.co.uk,getlatka.com,Expel ... announced it has secured USD20 million in Series B funding led by Scale Venture Partners,| 2021 | Series E | $140.3M | $1B | 14% |,1.000000,1.000000,0.000000,1.000000,0.239539,0.099447,xdom_pos,D:\Projects\webagg\data\runs\cert_formd_v2_cik0001684049.sqlite,1
19985d9ba004dfc2,4644178299b6e8d2:amount:36d3e3f5:A,eef319335afd063f:amount:8a9a4bc1:A,Arable,Arable,funding_round/series_c,funding_round/series_b,startupintros.com,www.builtinsf.com,"Jul 1, 2022 | $40M Series C | TOM Steyer | ... | Announced",The startup announced Thursday that it raked in $20 million in a Series B round,1.000000,1.000000,0.000000,1.000000,0.319381,0.104132,xdom_pos,D:\Projects\webagg\data\runs\cert_formd_v2_cik0001696488.sqlite,1
fe158900b9d68015,4a70c076d1a5a5ca:amount:4b99a031:A,61bde361f3af0f7b:amount:8bdafc1f:A,AMP,AMP,funding_round/debt,funding_round/series_a,www.cbinsights.com,www.closedlooppartners.com,"AMP's latest funding round was a Convertible Note for $75M on June 16, 2026.","Raised $16 Million Series A led by Sequoia Capital, joining Alphabet-backed Sidewalk Infrastructure Partners and leaders in sustainable investing",1.000000,1.000000,0.000000,1.000000,0.443945,0.112607,xdom_pos,D:\Projects\webagg\data\runs\cert_formd_v2_cik0001699390.sqlite,1
5448ecca2fab858d,6fc2e2a6ede6c485:post_money:dd26f603:A,c6e9ed3364e9c594:amount:42ece36e:A,Tive,Tive,funding_round/series_c,funding_round/series_c,getlatka.com,www.tive.com,"Tive has raised $135.5M in total funding across eight rounds, most recently a Series C1 of $20M at a $545M post-money valuation in 2025.",Tive ... has closed a $40 million investment ... The Series C funding round was led by WiL (World Innovation Lab) and Sageview Capital,1.000000,1.000000,0.000000,1.000000,0.745910,0.139941,xdom_pos,D:\Projects\webagg\data\runs\cert_formd_v2_cik0001708414.sqlite,1
a6c5ce98084fa97e,9c94d6e8a47e82c8:amount:007ecd15:A,df024fe5443c997d:amount:24e4ce4c:A,Zap Energy,Zap Energy,funding_round/unknown,funding_round/series_a,thefusionreport.substack.com,legacy.zapenergy.com,the last round of $130 million coming about a year and a half ago in October 2024.,The new financing comes just nine months after closing a $6.5 million Series A funding round,1.000000,1.000000,0.000000,1.000000,0.370509,0.107432,xdom_pos,D:\Projects\webagg\data\runs\cert_formd_v2_cik0001714402.sqlite,1
ca008558736221be,581b32107b09dfac:amount:5a11f8ef:A,ebd15fdfaa3c3d4f:post_money:15c58fa6:A,Stord,Stord,funding_round/series_c,funding_round/series_f,www.hypepotamus.com,www.sourcery.vc,"The $65 million Series C round, led by new investors BOND, Salesforce Ventures, and Lineage Ventures,",Stord just had a major Series F announcement raising $250 million at a $3 billion post-money valuation (~ 2x its valuation from 12mo ago),1.000000,1.000000,0.000000,1.000000,0.356372,0.106495,xdom_pos,D:\Projects\webagg\data\runs\cert_formd_v2_cik0001737506.sqlite,1
c604283c1ae61b2b,014e06c0fa6deef7:amount:a6058b18:A,0c9f456702357b9b:amount:b1308775:A,MarginEdge,MarginEdge,funding_round/series_d,funding_round/series_a,finance.yahoo.com,startupintros.com,Restaurant management and finance platform MarginEdge has secured $80m in Series D funding.,MarginEdge raised $7M in a Series A round.,1.000000,1.000000,0.000000,1.000000,0.253169,0.100208,xdom_pos,D:\Projects\webagg\data\runs\cert_formd_v2_cik0001739613.sqlite,1
6a32245e4207a853,99c6d7bf55a12a33:amount:e90dbf32:A,df0dbfe5d8698abf:amount:523cb3c7:A,Billd,Billd,funding_round/unknown,funding_round/series_b,billd.com,www.builtinaustin.com,"announced its latest investment round today, securing $17.5M in strategic funding.",Austin-based Billd announced Tuesday it raised a $30 million Series B round.,1.000000,1.000000,0.000000,1.000000,0.362080,0.106871,xdom_pos,D:\Projects\webagg\data\runs\cert_formd_v2_cik0001758464.sqlite,1
e6c1e873e7c8d121,4bc696876e1605f4:amount:bb9d7aa8:A,7229e1cd02f9d7ac:amount:ea2a3030:A,AirGarage,AirGarage,funding_round/unknown,funding_round/series_b,www.airgarage.com,www.linkedin.com,"AirGarage Full-Stack Parking Operator, Raises $12.5M Round Led by a16z",We’re excited to share that AirGarage raised a $23M Series B led by Headline with participation from our existing investors and customers.,1.000000,1.000000,0.000000,1.000000,0.007400,0.088677,xdom_pos,D:\Projects\webagg\data\runs\cert_formd_v2_cik0001778486.sqlite,1
d25728bfa75d1ef3,3f264cb23a27fa16:amount:c21cc6a4:A,d0c46a5105c93c94:amount:bff8f62b:A,Eleanor Health,Eleanor Health,funding_round/series_d,funding_round/series_b,parsers.vc,www.venturecapitaljournal.com,| 14.10.2024 | Series D | $30M | - |,"Eleanor Health, an outpatient addiction and mental health provider, has secured $20 million in Series B financing.",1.000000,1.000000,0.000000,1.000000,0.505231,0.117342,xdom_pos,D:\Projects\webagg\data\runs\cert_formd_v2_cik0001783164.sqlite,1
ab3bf7e604baad2f,21f0b8e341dc29e2:amount:ecba9eac:A,7246e2065c12d1a9:amount:88decd7d:A,Magic Spoon,Magic Spoon Inc.,funding_round/series_b,funding_round/unknown,www.retaildive.com,www.rwbaird.com,"It closed its $85 million Series B round in June, drawing funds from firms including HighPost Capital and celebrities including musicians Shakira and Nas, comedian Amy Schumer, and athletes Russell Westbrook and Odell Beckham Jr.","HighPost Capital (“HighPost”), a leading private investment firm focused on the global consumer and consumer technology sectors led an $85 million investment in Magic Spoon Inc. (""Magic Spoon"")",1.000000,1.000000,0.000000,0.815320,0.557908,0.121741,xdom_pos,D:\Projects\webagg\data\runs\cert_formd_v2_cik0001784084.sqlite,1
cfad2c47a71138be,18e6d745ec136817:amount:22d23cf3:A,7ecc251f9a25dbff:amount:66855d10:A,Ambi Robotics,Ambi Robotics,funding_round/unknown,funding_round/series_b,www.trysignalbase.com,tracxn.com,"Ambi Robotics has successfully raised $32.0 million in its latest funding round, securing significant investment capital from a group of investors.","Oct 17, 2022 | 9210551 | Series B | 6111509 | 5063235 | 5490983 | 9991239 |",1.000000,1.000000,0.000000,1.000000,0.398083,0.109313,xdom_pos,D:\Projects\webagg\data\runs\cert_formd_v2_cik0001794061.sqlite,1
6f78125799dc45f1,082210e5c15c3940:amount:e767ba43:A,5e5fd4853d35f014:amount:f60b794d:A,Crown Affair,Crown Affair,funding_round/series_b,funding_round/series_c,www.beautyindependent.com,tracxn.com,"Crown Affair, a brand aiming to own the clean hairstyling space in prestige haircare, has secured $9 million in a series B funding round led by True Beauty Ventures.","May 06, 2026 | 8434468 | Series C | 5688637 | 8256997 | 6850022 | 7778859 |",1.000000,1.000000,0.000000,1.000000,0.520404,0.118575,xdom_pos,D:\Projects\webagg\data\runs\cert_formd_v2_cik0001795606.sqlite,1
f5528cff9c0b98af,5569384897464b4e:amount:7bf861f3:A,daeab9ddf72519a2:amount:421c15b4:A,Abodu,Abodu,funding_round/unknown,funding_round/series_a,www.abodu.com,www.cbinsights.com,"the company just raised $3.5 million in VC funding led by Initialized Capital, Adobu announced Tuesday.","Abodu's latest funding round was a Series A for $20M on July 15, 2021.",1.000000,1.000000,0.000000,1.000000,0.336447,0.105206,xdom_pos,D:\Projects\webagg\data\runs\cert_formd_v2_cik0001818001.sqlite,1
848b8909c3fc8e54,d7d661236f75d050:amount:f0962484:A,fcbb71a2f293f210:amount:914c901b:A,Supabase,Supabase,funding_round/series_f,funding_round/series_f,www.orrick.com,tracxn.com,Supabase ... has completed a $500 million Series F at a $10.5 billion valuation.,"Jun 04, 2026 | $500M | Series F",1.000000,1.000000,0.000000,1.000000,0.406904,0.109931,xdom_pos,D:\Projects\webagg\data\runs\cert_formd_v2_cik0001829334.sqlite,1
6a191690df11c495,48fe330b9c4f3b04:amount:76524ec1:A,a1e306f8b431db35:amount:2fb063ed:A,Nth Cycle,Nth Cycle,funding_round/seed,funding_round/series_b,www.teknovation.biz,nthcycle.com,The start-up ... also raised a $3.2 million seed round in April 2021,Nth Cycle ... has closed $37 million in Series B and an additional $7 million in non-dilutive financing,1.000000,1.000000,0.000000,1.000000,0.339038,0.105372,xdom_pos,D:\Projects\webagg\data\runs\cert_formd_v2_cik0001831650.sqlite,1
eb1225f16c3717a8,494d7f86e065a24c:amount:41f25fdf:A,5bab4d33dac74171:amount:3eadf814:A,Stoke Space,Stoke Space,funding_round/series_d,funding_round/unknown,www.washingtontechnology.com,x.com,Thomas Tull’s U.S. Innovative Technology Fund led the $510 million Series D round for Stoke,"AMOUNT: $1,000,000,000",1.000000,1.000000,0.000000,1.000000,0.842856,0.150969,xdom_pos,D:\Projects\webagg\data\runs\cert_formd_v2_cik0001861415.sqlite,1
1522d8d4ea7d45e0,98febdfcdfa4808a:amount:9876ff34:A,b06479c30cec90ee:amount:17a217a0:A,Hadrian,Hadrian,funding_round/series_d,funding_round/series_d,tracxn.com,www.prnewswire.com,"Aug 06, 2026 | $1.37B | Series D | - | - | ||",Hadrian ... today announced $1.37 billion in new equity financing,1.000000,1.000000,0.000000,1.000000,0.369901,0.107391,xdom_pos,D:\Projects\webagg\data\runs\cert_formd_v2_cik0001863211.sqlite,1
da1e8c58c2ccce62,562c7d6f250d6a30:amount:63d19723:A,76557488a3175e03:amount:c72baa3a:A,Loft Labs,Loft Labs,funding_round/series_a,funding_round/series_a,www.fusionfund.com,pulse2.com,Loft Labs closed a $24M Series A led by Khosla Ventures.,Loft Labs—the creators of vCluster and DevPod—announced $24 million in Series A funding led by Khosla Ventures.,1.000000,1.000000,0.000000,1.000000,0.780617,0.143758,xdom_pos,D:\Projects\webagg\data\runs\cert_formd_v2_cik0001885407.sqlite,1
5778c504190c7ecc,1ef6efb2dcf99821:amount:b24a9875:A,377dcbf2d279e5eb:amount:04e12037:A,Ebb Carbon,Ebb Carbon,funding_round/seed,funding_round/series_a,vcnewsdaily.com,www.finsmes.com,"This adds to a previous seed funding round of $3 million,","Ebb Carbon, a San Carlos, CA-based ocean-based carbon dioxide removal (CDR) company, raised $20M in Series A funding.",1.000000,1.000000,0.000000,1.000000,1.000000,0.171259,xdom_pos,D:\Projects\webagg\data\runs\cert_formd_v2_cik0001896284.sqlite,1
f6da6dcebcb09bc9,365d46d1f62167d1:amount:c75c7f75:A,585eaede342271e3:amount:fdab006d:A,Apptronik,Apptronik,funding_round/series_a,funding_round/series_a,apptronik.com,tracxn.com,Apptronik today announced a $520 million Series A-X funding round,"Oct 21, 2025 | $520M | Series A | $1.24B",1.000000,1.000000,0.000000,1.000000,0.747137,0.140073,xdom_pos,D:\Projects\webagg\data\runs\cert_formd_v2_cik0001918029.sqlite,1
32186402ed920d49,ba356cc038d7e46d:amount:3ae813a1:A,c8d6a2aa05b46cc3:amount:b5d4c4f4:A,Squarespace,Squarespace,funding_round/series_b,funding_round/unknown,www.revenuememo.com,www.venturecapitaljournal.com,Series B | 2014 | $40 million | General Atlantic | Not disclosed,Firms & Funds Look for Squarespace to use $40 mln round to grow into new areas,1.000000,1.000000,0.000000,1.000000,0.084111,0.091807,xdom_pos,D:\Projects\webagg\data\runs\cert_formd_v2_cik0001496963.sqlite,1
f1520ebaa4a19df2,cf09323af455b001:amount:1341da7c:A,e88282463f300822:post_money:0c4aeb50:A,Illumio,Illumio,funding_round/series_c,funding_round/series_f,www.securityweek.com,www.thomabravo.com,Illumio announced on Tuesday that it has closed a massive $100 million Series C financing round,today announced a $225 million Series F funding round at a $2.75 billion valuation.,1.000000,1.000000,0.000000,1.000000,0.116150,0.093233,xdom_pos,D:\Projects\webagg\data\runs\cert_formd_v2_cik0001567658.sqlite,1
d04bcd25831dbce8,2f14d40f3127434e:amount:c0b177d7:A,a12321a4640330be:amount:cc1f7e30:A,Element Science,Element Science,funding_round/series_c,funding_round/unknown,openminds.com,globalventuring.com,announced that it had raised $145.6 million in Series C financing.,regulatory documents show it had secured $12.5m in funding in 2014,1.000000,1.000000,0.000000,1.000000,0.367074,0.107202,xdom_pos,D:\Projects\webagg\data\runs\cert_formd_v2_cik0001602935.sqlite,1
659e29ec641c5d85,65dab67c1d7b2ebd:post_money:23c56c8b:A,e011606aeef8d0a8:amount:8dfedaa2:A,Aledade,Aledade,funding_round/series_f,funding_round/series_c,startupintros.com,www.prnewswire.com,"Following a $260 million Series F funding round in 2023 led by Lightspeed Venture Partners, with participation from Venrock and OMERS Growth Equity, the enterprise reached a $3.5 billion valuation.","Today, Aledade announced it has closed a $64 million Series C funding round",1.000000,1.000000,0.000000,1.000000,0.287488,0.102194,xdom_pos,D:\Projects\webagg\data\runs\cert_formd_v2_cik0001611176.sqlite,1
d64e1efbfa00657b,3c06325391fb479f:post_money:25febe6e:A,46ff52ac8a5793fb:amount:0ceba78f:A,Hinge Health,Hinge Health,funding_round/series_d,funding_round/series_d,tracxn.com,www.hingehealth.com,"Dec 21, 2020 | $309M | Series D | $3B | - | |",Hinge Health raises $300M Series D at $3B valuation,1.000000,1.000000,0.000000,1.000000,0.416605,0.110618,xdom_pos,D:\Projects\webagg\data\runs\cert_formd_v2_cik0001673743.sqlite,1
2226eccce0256bcb,316b7e736472eb88:amount:c9428244:A,94addbda67ec12f7:post_money:df55163b:A,Expel,Expel,funding_round/series_b,funding_round/series_e,www.privateequitywire.co.uk,getlatka.com,Expel ... announced it has secured USD20 million in Series B funding led by Scale Venture Partners,| 2021 | Series E | $140.3M | $1B | 14% |,1.000000,1.000000,0.000000,1.000000,0.239539,0.099447,xdom_pos,D:\Projects\webagg\data\runs\cert_formd_v2_cik0001684049.sqlite,1
aae586918637067e,4644178299b6e8d2:amount:cc5ce670:A,eef319335afd063f:amount:8a9a4bc1:A,Arable,Arable,funding_round/series_b,funding_round/series_b,startupintros.com,www.builtinsf.com,"Oct 1, 2020 | $20M Series B | Prelude Ventures | ... | Announced",The startup announced Thursday that it raked in $20 million in a Series B round,1.000000,1.000000,0.000000,1.000000,0.319381,0.104132,xdom_pos,D:\Projects\webagg\data\runs\cert_formd_v2_cik0001696488.sqlite,1
1261d92e0a1dc1c9,4a70c076d1a5a5ca:amount:f64f8db8:A,61bde361f3af0f7b:amount:8bdafc1f:A,AMP,AMP,funding_round/series_d,funding_round/series_a,www.cbinsights.com,www.closedlooppartners.com,12/5/2024 | Series D | $91M | $450M FY 2025 | 3 | ||,"Raised $16 Million Series A led by Sequoia Capital, joining Alphabet-backed Sidewalk Infrastructure Partners and leaders in sustainable investing",1.000000,1.000000,0.000000,1.000000,0.443945,0.112607,xdom_pos,D:\Projects\webagg\data\runs\cert_formd_v2_cik0001699390.sqlite,1
de60b047c8c2cebc,08a15a7de364fd85:amount:644f91c7:A,6fc2e2a6ede6c485:post_money:dd26f603:A,Tive,Tive,funding_round/series_c,funding_round/series_c,www.linkedin.com,getlatka.com,Tive recently announced a $40M Series C round of funding.,"Tive has raised $135.5M in total funding across eight rounds, most recently a Series C1 of $20M at a $545M post-money valuation in 2025.",1.000000,1.000000,0.000000,1.000000,0.757857,0.141239,xdom_pos,D:\Projects\webagg\data\runs\cert_formd_v2_cik0001708414.sqlite,1
e417d39b06fa749a,620695ec069df738:amount:5d24aec8:A,9c94d6e8a47e82c8:amount:007ecd15:A,Zap Energy,Zap Energy,funding_round/series_d,funding_round/unknown,legacy.zapenergy.com,thefusionreport.substack.com,Zap Energy has begun operations of Century ... and closed $130 million of fresh capital... Zap’s $130 million Series D was led by Soros Fund Management LLC,the last round of $130 million coming about a year and a half ago in October 2024.,1.000000,1.000000,0.000000,1.000000,0.730539,0.138297,xdom_pos,D:\Projects\webagg\data\runs\cert_formd_v2_cik0001714402.sqlite,1
ce90d33605c5e28c,581b32107b09dfac:amount:5a11f8ef:A,ebd15fdfaa3c3d4f:lead_investor:06dae0de:A,Stord,Stord,funding_round/series_c,funding_round/series_f,www.hypepotamus.com,www.sourcery.vc,"The $65 million Series C round, led by new investors BOND, Salesforce Ventures, and Lineage Ventures,","... in a round led by Strike Capital, with continued participation from Kleiner Perkins, Founders Fund, Franklin Templeton, Baillie Gifford, G Squared, Bond, and Lux.",1.000000,1.000000,0.000000,1.000000,0.356372,0.106495,xdom_pos,D:\Projects\webagg\data\runs\cert_formd_v2_cik0001737506.sqlite,1
f46ef6c476e17b5d,014e06c0fa6deef7:amount:a6058b18:A,0c9f456702357b9b:lead_investor:c891826c:A,MarginEdge,MarginEdge,funding_round/series_d,funding_round/series_a,finance.yahoo.com,startupintros.com,Restaurant management and finance platform MarginEdge has secured $80m in Series D funding.,The round was led by Osage Venture Partners.,1.000000,1.000000,0.000000,1.000000,0.253169,0.100208,xdom_pos,D:\Projects\webagg\data\runs\cert_formd_v2_cik0001739613.sqlite,1
bb484c4bacec05cc,a88ac1f527c90bef:amount:a12c7cc1:A,bc69fd95e065cec4:amount:7e78cf0d:A,Billd,Billd,funding_round/unknown,funding_round/series_b,www.prnewswire.com,billd.com,"Billd Secures $17.5M Funding Round to Supercharge Growth, Expand Product Suite",announced today that it has closed $30 million of funding,1.000000,1.000000,0.000000,1.000000,0.516710,0.118273,xdom_pos,D:\Projects\webagg\data\runs\cert_formd_v2_cik0001758464.sqlite,1
59be9e15a0870257,3f264cb23a27fa16:amount:4ebe7c63:A,d0c46a5105c93c94:amount:bff8f62b:A,Eleanor Health,Eleanor Health,funding_round/series_c,funding_round/series_b,parsers.vc,www.venturecapitaljournal.com,| 08.04.2022 | Series C | $50M | - |,"Eleanor Health, an outpatient addiction and mental health provider, has secured $20 million in Series B financing.",1.000000,1.000000,0.000000,1.000000,0.505231,0.117342,xdom_pos,D:\Projects\webagg\data\runs\cert_formd_v2_cik0001783164.sqlite,1
4044780b3d424f63,18e6d745ec136817:amount:22d23cf3:A,7ecc251f9a25dbff:amount:f69aa943:A,Ambi Robotics,Ambi Robotics,funding_round/unknown,funding_round/series_a,www.trysignalbase.com,tracxn.com,"Ambi Robotics has successfully raised $32.0 million in its latest funding round, securing significant investment capital from a group of investors.","Sep 15, 2021 | 1188071 | Series A | 4217671 | 5868481 | 2144703 | 3211890 |",1.000000,1.000000,0.000000,1.000000,0.398083,0.109313,xdom_pos,D:\Projects\webagg\data\runs\cert_formd_v2_cik0001794061.sqlite,1
699eee8621b3e339,082210e5c15c3940:amount:e767ba43:A,5e5fd4853d35f014:amount:de0bac0a:A,Crown Affair,Crown Affair,funding_round/series_b,funding_round/series_b,www.beautyindependent.com,tracxn.com,"Crown Affair, a brand aiming to own the clean hairstyling space in prestige haircare, has secured $9 million in a series B funding round led by True Beauty Ventures.","Oct 31, 2024 | 8787323 | Series B | 9798698 | 5254138 | 4132762 | 6290349 |",1.000000,1.000000,0.000000,1.000000,0.520404,0.118575,xdom_pos,D:\Projects\webagg\data\runs\cert_formd_v2_cik0001795606.sqlite,1
fb4ab0b2f06accde,39a38494abb02d9a:amount:71621ceb:A,5569384897464b4e:amount:7bf861f3:A,Abodu,Abodu,funding_round/unknown,funding_round/unknown,www.businessinsider.com,www.abodu.com,Abodu revealed it had raised $3.5 million in its first round of venture funding in March to grow its team to 10 people.,"the company just raised $3.5 million in VC funding led by Initialized Capital, Adobu announced Tuesday.",1.000000,1.000000,0.000000,1.000000,0.353455,0.106304,xdom_pos,D:\Projects\webagg\data\runs\cert_formd_v2_cik0001818001.sqlite,1
48417113a8265208,d7d661236f75d050:amount:f0962484:A,fcbb71a2f293f210:amount:0369e003:A,Supabase,Supabase,funding_round/series_f,funding_round/series_e,www.orrick.com,tracxn.com,Supabase ... has completed a $500 million Series F at a $10.5 billion valuation.,"Oct 02, 2025 | $143M | Series E | $5B",1.000000,1.000000,0.000000,1.000000,0.406904,0.109931,xdom_pos,D:\Projects\webagg\data\runs\cert_formd_v2_cik0001829334.sqlite,1
1596e976cdcd21ac,48fe330b9c4f3b04:amount:76524ec1:A,a1e306f8b431db35:amount:e53c11a0:A,Nth Cycle,Nth Cycle,funding_round/seed,funding_round/grant,www.teknovation.biz,nthcycle.com,The start-up ... also raised a $3.2 million seed round in April 2021,Nth Cycle recently received two Department of Energy awards including $3 million from the Advanced Materials & Manufacturing Technologies Office (AMMTO) ...,1.000000,1.000000,0.000000,1.000000,0.339038,0.105372,xdom_pos,D:\Projects\webagg\data\runs\cert_formd_v2_cik0001831650.sqlite,1
7e5637646121175e,494d7f86e065a24c:amount:41f25fdf:A,5bab4d33dac74171:post_money:1b0f00e9:A,Stoke Space,Stoke Space,funding_round/series_d,funding_round/unknown,www.washingtontechnology.com,x.com,Thomas Tull’s U.S. Innovative Technology Fund led the $510 million Series D round for Stoke,"VALUATION: $9,000,000,000",1.000000,1.000000,0.000000,1.000000,0.842856,0.150969,xdom_pos,D:\Projects\webagg\data\runs\cert_formd_v2_cik0001861415.sqlite,1
b56c029c486465c9,98febdfcdfa4808a:amount:5b0843ec:A,b06479c30cec90ee:amount:17a217a0:A,Hadrian,Hadrian,funding_round/series_c,funding_round/series_d,tracxn.com,www.prnewswire.com,"Dec 19, 2025 | $131M | Series C | $1.6B | - |",Hadrian ... today announced $1.37 billion in new equity financing,1.000000,1.000000,0.000000,1.000000,0.369901,0.107391,xdom_pos,D:\Projects\webagg\data\runs\cert_formd_v2_cik0001863211.sqlite,1
97716afdd57646cb,562c7d6f250d6a30:amount:63d19723:A,e3cfc24ada220cfa:amount:ee0ebf89:A,Loft Labs,Loft Labs,funding_round/series_a,funding_round/series_a,www.fusionfund.com,www.linkedin.com,Loft Labs closed a $24M Series A led by Khosla Ventures.,"Loft Labs (Location Unspecified): Kubernetes efficiency tool developer raised $24 million in Series A, led by Khosla Ventures.",1.000000,1.000000,0.000000,1.000000,0.781044,0.143806,xdom_pos,D:\Projects\webagg\data\runs\cert_formd_v2_cik0001885407.sqlite,1
aecb12d44dc24c9e,365d46d1f62167d1:amount:c75c7f75:A,585eaede342271e3:post_money:749768ad:A,Apptronik,Apptronik,funding_round/series_a,funding_round/series_a,apptronik.com,tracxn.com,Apptronik today announced a $520 million Series A-X funding round,"Oct 21, 2025 | $520M | Series A | $1.24B",1.000000,1.000000,0.000000,1.000000,0.747137,0.140073,xdom_pos,D:\Projects\webagg\data\runs\cert_formd_v2_cik0001918029.sqlite,1
622a689b08b86159,ba356cc038d7e46d:amount:280dc35d:A,c8d6a2aa05b46cc3:amount:b5d4c4f4:A,Squarespace,Squarespace,funding_round/unknown,funding_round/unknown,www.revenuememo.com,www.venturecapitaljournal.com,Growth round | 2017 | $200 million | General Atlantic | $1.7 billion,Firms & Funds Look for Squarespace to use $40 mln round to grow into new areas,1.000000,1.000000,0.000000,1.000000,0.084111,0.091807,xdom_pos,D:\Projects\webagg\data\runs\cert_formd_v2_cik0001496963.sqlite,1
486f3ceb8a516238,3fb8f5ec9da61d04:amount:99532352:A,cf09323af455b001:amount:1341da7c:A,Illumio,Illumio,funding_round/unknown,funding_round/series_c,www.law360.com,www.securityweek.com,"Privately held adaptive cybersecurity company Illumio has closed on a $125 million funding round that will be used to fuel its growth in the data center and cloud security sectors, the company said Wednesday.",Illumio announced on Tuesday that it has closed a massive $100 million Series C financing round,1.000000,1.000000,0.000000,1.000000,0.117108,0.093277,xdom_pos,D:\Projects\webagg\data\runs\cert_formd_v2_cik0001567658.sqlite,1
bdd886fc1e6bc723,2f14d40f3127434e:amount:c0b177d7:A,a12321a4640330be:amount:ce6c3ddb:A,Element Science,Element Science,funding_round/series_c,funding_round/unknown,openminds.com,globalventuring.com,announced that it had raised $145.6 million in Series C financing.,regulatory documents show it had secured ... $25m in capital in 2016,1.000000,1.000000,0.000000,1.000000,0.367074,0.107202,xdom_pos,D:\Projects\webagg\data\runs\cert_formd_v2_cik0001602935.sqlite,1
aad9acdb67329e4b,65dab67c1d7b2ebd:amount:ffc3fb77:A,e011606aeef8d0a8:amount:8dfedaa2:A,Aledade,Aledade,funding_round/debt,funding_round/series_c,startupintros.com,www.prnewswire.com,"Most recently, it raised $500.0M Debt in December 2025.","Today, Aledade announced it has closed a $64 million Series C funding round",1.000000,1.000000,0.000000,1.000000,0.287488,0.102194,xdom_pos,D:\Projects\webagg\data\runs\cert_formd_v2_cik0001611176.sqlite,1
054bb850852a1301,08718fc84e512edc:amount:6d37ecf0:A,46ff52ac8a5793fb:amount:0ceba78f:A,Hinge Health,Hinge Health,funding_round/series_e,funding_round/series_d,tracxn.com,www.hingehealth.com,"Oct 22, 2021 | $400M | Series E | $6.2B",Hinge Health raises $300M Series D at $3B valuation,1.000000,1.000000,0.000000,1.000000,0.416605,0.110618,xdom_pos,D:\Projects\webagg\data\runs\cert_formd_v2_cik0001673743.sqlite,1
be04d2aaef84cebd,316b7e736472eb88:amount:c9428244:A,94addbda67ec12f7:amount:68e1e42d:A,Expel,Expel,funding_round/series_b,funding_round/series_d,www.privateequitywire.co.uk,getlatka.com,Expel ... announced it has secured USD20 million in Series B funding led by Scale Venture Partners,| 2020 | Series D | $50M | - | - |,1.000000,1.000000,0.000000,1.000000,0.239539,0.099447,xdom_pos,D:\Projects\webagg\data\runs\cert_formd_v2_cik0001684049.sqlite,1
83c65b5a224be6c2,4644178299b6e8d2:amount:9203a68b:A,eef319335afd063f:amount:8a9a4bc1:A,Arable,Arable,funding_round/series_a,funding_round/series_b,startupintros.com,www.builtinsf.com,"Mar 27, 2017 | $4.3M Series A | Brian Mixer, Sanjeev Krishnan | ... | Announced",The startup announced Thursday that it raked in $20 million in a Series B round,1.000000,1.000000,0.000000,1.000000,0.319381,0.104132,xdom_pos,D:\Projects\webagg\data\runs\cert_formd_v2_cik0001696488.sqlite,1
e7fdc492bc3c03b4,4a70c076d1a5a5ca:amount:88c70b0b:A,61bde361f3af0f7b:amount:8bdafc1f:A,AMP,AMP,funding_round/series_c,funding_round/series_a,www.cbinsights.com,www.closedlooppartners.com,5/9/2023 | Series C - II | $7.79M | 3 | |||,"Raised $16 Million Series A led by Sequoia Capital, joining Alphabet-backed Sidewalk Infrastructure Partners and leaders in sustainable investing",1.000000,1.000000,0.000000,1.000000,0.443945,0.112607,xdom_pos,D:\Projects\webagg\data\runs\cert_formd_v2_cik0001699390.sqlite,1
73f31f4cc36953b2,9b3c6d178b5e6e80:amount:3339c043:A,c6e9ed3364e9c594:amount:42ece36e:A,Tive,Tive,funding_round/series_c,funding_round/series_c,www.hiive.com,www.tive.com,"DATE
January 2026 (Series C)
Capital Raised
$60m of $140.58m total",Tive ... has closed a $40 million investment ... The Series C funding round was led by WiL (World Innovation Lab) and Sageview Capital,1.000000,1.000000,0.000000,1.000000,0.828206,0.149229,xdom_pos,D:\Projects\webagg\data\runs\cert_formd_v2_cik0001708414.sqlite,1
b59805642524b27e,581b32107b09dfac:amount:5a11f8ef:A,5b6c5a662fd4534d:post_money:200f2f3b:A,Stord,Stord,funding_round/series_c,funding_round/series_f,www.hypepotamus.com,www.freightwaves.com,"The $65 million Series C round, led by new investors BOND, Salesforce Ventures, and Lineage Ventures,",raised $250 million in late-stage venture capital funding that values the company at $3 billion,1.000000,1.000000,0.000000,1.000000,0.356567,0.106508,xdom_pos,D:\Projects\webagg\data\runs\cert_formd_v2_cik0001737506.sqlite,1
472f6b8b462adc9d,0c9f456702357b9b:amount:b1308775:A,ce1be1d2e41dbfec:amount:07bba1c4:A,MarginEdge,MarginEdge,funding_round/series_a,funding_round/series_d,startupintros.com,www.thesaasnews.com,MarginEdge raised $7M in a Series A round.,MarginEdge raises $80M in Series D funding led by Schooner Capital and Ten Coves Capital,1.000000,1.000000,0.000000,1.000000,0.253169,0.100208,xdom_pos,D:\Projects\webagg\data\runs\cert_formd_v2_cik0001739613.sqlite,1
35f01fc507be79a6,a88ac1f527c90bef:amount:a12c7cc1:A,df0dbfe5d8698abf:amount:523cb3c7:A,Billd,Billd,funding_round/unknown,funding_round/series_b,www.prnewswire.com,www.builtinaustin.com,"Billd Secures $17.5M Funding Round to Supercharge Growth, Expand Product Suite",Austin-based Billd announced Tuesday it raised a $30 million Series B round.,1.000000,1.000000,0.000000,1.000000,0.516993,0.118296,xdom_pos,D:\Projects\webagg\data\runs\cert_formd_v2_cik0001758464.sqlite,1
90d768efe40bd94d,3f264cb23a27fa16:amount:338b37b9:A,d0c46a5105c93c94:amount:bff8f62b:A,Eleanor Health,Eleanor Health,funding_round/series_b,funding_round/series_b,parsers.vc,www.venturecapitaljournal.com,| 18.05.2021 | Series B | $20M | - |,"Eleanor Health, an outpatient addiction and mental health provider, has secured $20 million in Series B financing.",1.000000,1.000000,0.000000,1.000000,0.505231,0.117342,xdom_pos,D:\Projects\webagg\data\runs\cert_formd_v2_cik0001783164.sqlite,1
94b3ff50a41254db,18e6d745ec136817:amount:22d23cf3:A,7ecc251f9a25dbff:amount:5ec7d690:A,Ambi Robotics,Ambi Robotics,funding_round/unknown,funding_round/seed,www.trysignalbase.com,tracxn.com,"Ambi Robotics has successfully raised $32.0 million in its latest funding round, securing significant investment capital from a group of investors.","Mar 30, 2021 | 1343789 | Seed | 5834467 | 2148851 | 5536928 | 6059087 |",1.000000,1.000000,0.000000,1.000000,0.398083,0.109313,xdom_pos,D:\Projects\webagg\data\runs\cert_formd_v2_cik0001794061.sqlite,1
6023c512b5190926,082210e5c15c3940:amount:e767ba43:A,5e5fd4853d35f014:amount:3609455c:A,Crown Affair,Crown Affair,funding_round/series_b,funding_round/series_a,www.beautyindependent.com,tracxn.com,"Crown Affair, a brand aiming to own the clean hairstyling space in prestige haircare, has secured $9 million in a series B funding round led by True Beauty Ventures.","May 05, 2022 | 9318607 | Series A | 9497108 | 9921715 | ||",1.000000,1.000000,0.000000,1.000000,0.520404,0.118575,xdom_pos,D:\Projects\webagg\data\runs\cert_formd_v2_cik0001795606.sqlite,1
2f29ea2a0d501bea,daeab9ddf72519a2:amount:421c15b4:A,e0a6e2ed4dd0891d:amount:75d0dbb2:A,Abodu,"Abodu, Inc.",funding_round/series_a,funding_round/series_a,www.cbinsights.com,www.preqin.com,"Abodu's latest funding round was a Series A for $20M on July 15, 2021.","The company raised USD 20 mn in a Series A funding round on May 17, 2021, led by Norwest Venture Partners and supported by Initialized Capital.",0.625000,1.000000,0.000000,0.794801,0.400051,0.109482,xdom_pos,D:\Projects\webagg\data\runs\cert_formd_v2_cik0001818001.sqlite,1
41dda2d8a1349aee,d7d661236f75d050:amount:f0962484:A,fcbb71a2f293f210:amount:4ee0716f:A,Supabase,Supabase,funding_round/series_f,funding_round/series_d,www.orrick.com,tracxn.com,Supabase ... has completed a $500 million Series F at a $10.5 billion valuation.,"Mar 14, 2025 | $202M | Series D | $2B",1.000000,1.000000,0.000000,1.000000,0.406904,0.109931,xdom_pos,D:\Projects\webagg\data\runs\cert_formd_v2_cik0001829334.sqlite,1
2d835a96eb9bd63d,296346c97a43bb9e:amount:d417a310:A,a1e306f8b431db35:amount:2fb063ed:A,Nth Cycle,Nth Cycle,funding_round/series_b,funding_round/series_b,tracxn.com,nthcycle.com,"Tech Startup Nth Cycle Secures $44 Mn in Series B Round FundingViestories•Dec 05, 2023•Nth Cycle, VoLo Earth Ventures, Caterpillar, MassMutual and 1 other",Nth Cycle ... has closed $37 million in Series B and an additional $7 million in non-dilutive financing,1.000000,1.000000,0.000000,1.000000,0.364469,0.107029,xdom_pos,D:\Projects\webagg\data\runs\cert_formd_v2_cik0001831650.sqlite,1
74b742a70c9d5ec4,494d7f86e065a24c:amount:c040d759:A,5bab4d33dac74171:amount:3eadf814:A,Stoke Space,Stoke Space,funding_round/series_c,funding_round/unknown,www.washingtontechnology.com,x.com,"Stoke Space, the five-year-old launch systems maker that closed a $260 million Series C round in January","AMOUNT: $1,000,000,000",1.000000,1.000000,0.000000,1.000000,0.842856,0.150969,xdom_pos,D:\Projects\webagg\data\runs\cert_formd_v2_cik0001861415.sqlite,1
738e8e52ae18d206,98febdfcdfa4808a:post_money:e344e426:A,b06479c30cec90ee:amount:17a217a0:A,Hadrian,Hadrian,funding_round/series_c,funding_round/series_d,tracxn.com,www.prnewswire.com,"Dec 19, 2025 | $131M | Series C | $1.6B | - |",Hadrian ... today announced $1.37 billion in new equity financing,1.000000,1.000000,0.000000,1.000000,0.369901,0.107391,xdom_pos,D:\Projects\webagg\data\runs\cert_formd_v2_cik0001863211.sqlite,1
6c8deb411ebe0292,562c7d6f250d6a30:amount:63d19723:A,6543062fe329a227:amount:7f06470b:A,Loft Labs,Loft Labs,funding_round/series_a,funding_round/series_a,www.fusionfund.com,vcnewsdaily.com,Loft Labs closed a $24M Series A led by Khosla Ventures.,"Creators of vCluster and DevPod, Loft Labs today announced $24 million Series A funding.",1.000000,1.000000,0.000000,1.000000,0.781472,0.143854,xdom_pos,D:\Projects\webagg\data\runs\cert_formd_v2_cik0001885407.sqlite,1
5ecaaf7ed8c8aa70,777f1ebae6736617:amount:24e21b17:A,f71c6e930da63366:amount:74a7d13e:A,Ambi Robotics,Amp Robotics,funding_round/series_a,funding_round/series_d,www.ambirobotics.com,techcrunch.com,Ambi Robotics ... announced the closing of a $26 million Series A funding round.,That shift has now netted the company $91 million in fresh funding.,0.880000,0.857143,0.000000,0.437144,0.740615,0.139428,xent_neg,D:\Projects\webagg\data\runs\cert_formd_v2_cik0001699390.sqlite|D:\Projects\webagg\data\runs\cert_formd_v2_cik0001794061.sqlite,1
71ceb5c220cb102f,273651ede497aa69:amount:c7b5e0af:A,777f1ebae6736617:amount:24e21b17:A,AMP Robotics,Ambi Robotics,funding_round/series_c,funding_round/series_a,www.therobotreport.com,www.ambirobotics.com,"AMP Robotics, a company creating robots that can organize recycling, brought in $91 million in corporate equity in a Series C funding round.",Ambi Robotics ... announced the closing of a $26 million Series A funding round.,0.800000,0.857143,0.000000,0.437144,0.888380,0.156609,xent_neg,D:\Projects\webagg\data\runs\cert_formd_v2_cik0001699390.sqlite|D:\Projects\webagg\data\runs\cert_formd_v2_cik0001794061.sqlite,0
5a4e6e5ed1bb665c,777f1ebae6736617:amount:24e21b17:A,efa8f18c4a67b059:amount:3787a3d5:A,Ambi Robotics,AMP Robotics Corp.,funding_round/series_a,funding_round/unknown,www.ambirobotics.com,www.dailycamera.com,Ambi Robotics ... announced the closing of a $26 million Series A funding round.,"AMP Robotics Corp. brought in $55 million in its second round of funding last week, including an undisclosed investment from Google’s venture capital group. The Louisville-based company raised the funds from 10 investors in an all-equity ro",0.761905,0.800000,0.000000,0.435776,0.616415,0.127025,xent_neg,D:\Projects\webagg\data\runs\cert_formd_v2_cik0001699390.sqlite|D:\Projects\webagg\data\runs\cert_formd_v2_cik0001794061.sqlite,0
e2943ab9e10daa6a,0888be448e525b55:amount:9ae62729:A,46ff52ac8a5793fb:amount:0ceba78f:A,Eleanor Health,Hinge Health,funding_round/series_d,funding_round/series_d,bhbusiness.com,www.hingehealth.com,"In a Securities and Exchange Commission filing this February, Eleanor Health disclosed it had procured $22 million of the hoped for $30 million in the Series D round.",Hinge Health raises $300M Series D at $3B valuation,0.666667,0.736842,0.000000,0.292767,0.781044,0.143898,xent_neg,D:\Projects\webagg\data\runs\cert_formd_v2_cik0001673743.sqlite|D:\Projects\webagg\data\runs\cert_formd_v2_cik0001783164.sqlite,0
f8b45b7238dedc38,c3a53c92001a7dfa:amount:6489d5b9:A,e0a6e2ed4dd0891d:amount:75d0dbb2:A,"Stoke Space Technologies, Inc.","Abodu, Inc.",funding_round/unknown,funding_round/series_a,capedge.com,www.preqin.com,"| D | $350.00 Mm in Equity, Sold $275.00 Mm, 28 Investors | Apr 16, 2026 | ||","The company raised USD 20 mn in a Series A funding round on May 17, 2021, led by Norwest Venture Partners and supported by Initialized Capital.",0.533333,0.705882,0.000000,0.327915,0.793990,0.145370,xent_neg,D:\Projects\webagg\data\runs\cert_formd_v2_cik0001818001.sqlite|D:\Projects\webagg\data\runs\cert_formd_v2_cik0001861415.sqlite,0
7fe8fa303b0400e4,0c6a18ba60f5f524:amount:8c342556:A,e0a6e2ed4dd0891d:amount:75d0dbb2:A,Stoke Space Technologies Inc.,"Abodu, Inc.",funding_round/unknown,funding_round/series_a,www.bloomberg.com,www.preqin.com,Stoke Space Technologies Inc. is raising $1 billion to accelerate development and production of a fully reusable rocket,"The company raised USD 20 mn in a Series A funding round on May 17, 2021, led by Norwest Venture Partners and supported by Initialized Capital.",0.533333,0.625000,0.000000,0.357713,0.743869,0.139823,xent_neg,D:\Projects\webagg\data\runs\cert_formd_v2_cik0001818001.sqlite|D:\Projects\webagg\data\runs\cert_formd_v2_cik0001861415.sqlite,0
b187b75029bbb4c3,7246e2065c12d1a9:amount:88decd7d:A,e0a6e2ed4dd0891d:amount:75d0dbb2:A,Magic Spoon Inc.,"Abodu, Inc.",funding_round/unknown,funding_round/series_a,www.rwbaird.com,www.preqin.com,"HighPost Capital (“HighPost”), a leading private investment firm focused on the global consumer and consumer technology sectors led an $85 million investment in Magic Spoon Inc. (""Magic Spoon"")","The company raised USD 20 mn in a Series A funding round on May 17, 2021, led by Norwest Venture Partners and supported by Initialized Capital.",0.533333,0.666667,0.000000,0.447331,0.841011,0.150848,xent_neg,D:\Projects\webagg\data\runs\cert_formd_v2_cik0001784084.sqlite|D:\Projects\webagg\data\runs\cert_formd_v2_cik0001818001.sqlite,0
559cf3da7af8e9d4,4644178299b6e8d2:amount:36d3e3f5:A,7229e1cd02f9d7ac:amount:ea2a3030:A,Arable,AirGarage,funding_round/series_c,funding_round/series_b,startupintros.com,www.linkedin.com,"Jul 1, 2022 | $40M Series C | TOM Steyer | ... | Announced",We’re excited to share that AirGarage raised a $23M Series B led by Headline with participation from our existing investors and customers.,0.533333,0.600000,0.000000,0.276290,0.816491,0.147972,xent_neg,D:\Projects\webagg\data\runs\cert_formd_v2_cik0001696488.sqlite|D:\Projects\webagg\data\runs\cert_formd_v2_cik0001778486.sqlite,0
6d458b62cc37af38,bacefea3386a04a0:amount:7e1ab871:A,e0a6e2ed4dd0891d:amount:75d0dbb2:A,"Element Biosciences, Inc.","Abodu, Inc.",funding_round/series_a,funding_round/series_a,www.elementbiosciences.com,www.preqin.com,"Element Biosciences, Inc., a company focused on the development of genetic analysis tools secures $15 million in Series A funding led by Foresite Capital and Venrock.","The company raised USD 20 mn in a Series A funding round on May 17, 2021, led by Norwest Venture Partners and supported by Initialized Capital.",0.533333,0.705882,0.000000,0.394978,0.321136,0.104313,xent_neg,D:\Projects\webagg\data\runs\cert_formd_v2_cik0001602935.sqlite|D:\Projects\webagg\data\runs\cert_formd_v2_cik0001818001.sqlite,0
b902c53302b1d616,1ee1efc78a10d41c:amount:ea7bce6b:A,e0a6e2ed4dd0891d:amount:75d0dbb2:A,Illumio Inc.,"Abodu, Inc.",funding_round/series_f,funding_round/series_a,siliconangle.com,www.preqin.com,Illumio Inc. said it raised $225 million in a new late-stage round,"The company raised USD 20 mn in a Series A funding round on May 17, 2021, led by Norwest Venture Partners and supported by Initialized Capital.",0.533333,0.705882,0.000000,0.603306,0.480920,0.115485,xent_neg,D:\Projects\webagg\data\runs\cert_formd_v2_cik0001567658.sqlite|D:\Projects\webagg\data\runs\cert_formd_v2_cik0001818001.sqlite,0
fb6a0b209a3f834a,74592b92fdc92b92:amount:523a1e6d:A,d4ba69b850942315:post_money:bab892bb:A,Supabase,Squarespace,funding_round/series_d,funding_round/unknown,fortune.com,meritech.substack.com,"In April, Term Sheet broke the news that Supabase had raised $200 million in an Accel-led Series D, valuing the company at $2 billion.","recent fundraise of $305M at a $10B valuation led by Dragoneer, Tiger Global, and D1 Capital Partners",0.526316,0.571429,0.000000,0.143889,0.413195,0.110473,xent_neg,D:\Projects\webagg\data\runs\cert_formd_v2_cik0001496963.sqlite|D:\Projects\webagg\data\runs\cert_formd_v2_cik0001829334.sqlite,0
1a97ff2c8ac66205,1ee1efc78a10d41c:amount:ea7bce6b:A,c3a53c92001a7dfa:amount:6489d5b9:A,Illumio Inc.,"Stoke Space Technologies, Inc.",funding_round/series_f,funding_round/unknown,siliconangle.com,capedge.com,Illumio Inc. said it raised $225 million in a new late-stage round,"| D | $350.00 Mm in Equity, Sold $275.00 Mm, 28 Investors | Apr 16, 2026 | ||",0.500000,0.588235,0.000000,0.361881,0.381845,0.108281,xent_neg,D:\Projects\webagg\data\runs\cert_formd_v2_cik0001567658.sqlite|D:\Projects\webagg\data\runs\cert_formd_v2_cik0001861415.sqlite,0
afeed66dc9fc0e56,0c6a18ba60f5f524:amount:8c342556:A,1ee1efc78a10d41c:amount:ea7bce6b:A,Stoke Space Technologies Inc.,Illumio Inc.,funding_round/unknown,funding_round/series_f,www.bloomberg.com,siliconangle.com,Stoke Space Technologies Inc. is raising $1 billion to accelerate development and production of a fully reusable rocket,Illumio Inc. said it raised $225 million in a new late-stage round,0.500000,0.608696,0.000000,0.396081,0.357741,0.106665,xent_neg,D:\Projects\webagg\data\runs\cert_formd_v2_cik0001567658.sqlite|D:\Projects\webagg\data\runs\cert_formd_v2_cik0001861415.sqlite,0
9faec6ef61013296,1ee1efc78a10d41c:amount:ea7bce6b:A,7246e2065c12d1a9:amount:88decd7d:A,Illumio Inc.,Magic Spoon Inc.,funding_round/series_f,funding_round/unknown,siliconangle.com,www.rwbaird.com,Illumio Inc. said it raised $225 million in a new late-stage round,"HighPost Capital (“HighPost”), a leading private investment firm focused on the global consumer and consumer technology sectors led an $85 million investment in Magic Spoon Inc. (""Magic Spoon"")",0.500000,0.631579,0.000000,0.531631,0.404459,0.109833,xent_neg,D:\Projects\webagg\data\runs\cert_formd_v2_cik0001567658.sqlite|D:\Projects\webagg\data\runs\cert_formd_v2_cik0001784084.sqlite,0
3367b7c40b008cbb,1ee1efc78a10d41c:amount:ea7bce6b:A,bacefea3386a04a0:amount:7e1ab871:A,Illumio Inc.,"Element Biosciences, Inc.",funding_round/series_f,funding_round/series_a,siliconangle.com,www.elementbiosciences.com,Illumio Inc. said it raised $225 million in a new late-stage round,"Element Biosciences, Inc., a company focused on the development of genetic analysis tools secures $15 million in Series A funding led by Foresite Capital and Venrock.",0.500000,0.588235,0.000000,0.327398,0.667754,0.131976,xent_neg,D:\Projects\webagg\data\runs\cert_formd_v2_cik0001567658.sqlite|D:\Projects\webagg\data\runs\cert_formd_v2_cik0001602935.sqlite,0
0c8bfc9d459a2737,0c6a18ba60f5f524:amount:8c342556:A,7246e2065c12d1a9:amount:88decd7d:A,Stoke Space Technologies Inc.,Magic Spoon Inc.,funding_round/unknown,funding_round/unknown,www.bloomberg.com,www.rwbaird.com,Stoke Space Technologies Inc. is raising $1 billion to accelerate development and production of a fully reusable rocket,"HighPost Capital (“HighPost”), a leading private investment firm focused on the global consumer and consumer technology sectors led an $85 million investment in Magic Spoon Inc. (""Magic Spoon"")",0.488889,0.560000,0.000000,0.305307,0.884494,0.156179,xent_neg,D:\Projects\webagg\data\runs\cert_formd_v2_cik0001784084.sqlite|D:\Projects\webagg\data\runs\cert_formd_v2_cik0001861415.sqlite,0
317e9653dbabdcee,7246e2065c12d1a9:amount:88decd7d:A,c58627b690fc29fe:amount:e479de0f:A,Magic Spoon Inc.,Loft Labs Inc,funding_round/unknown,funding_round/series_a,www.rwbaird.com,kando.tech,"HighPost Capital (“HighPost”), a leading private investment firm focused on the global consumer and consumer technology sectors led an $85 million investment in Magic Spoon Inc. (""Magic Spoon"")","Series A
Loft Labs Inc
Currency
United States Dollar
Value in original currency
24,000,000
Value in USD
24,000,000",0.482759,0.500000,0.000000,0.377013,0.710017,0.136256,xent_neg,D:\Projects\webagg\data\runs\cert_formd_v2_cik0001784084.sqlite|D:\Projects\webagg\data\runs\cert_formd_v2_cik0001885407.sqlite,0
e0a0409fdf7740aa,338e98b4da973ccb:amount:5f20e5a9:A,777f1ebae6736617:amount:24e21b17:A,Arris Composites,Ambi Robotics,funding_round/series_a,funding_round/series_a,www.venturecapitaljournal.com,www.ambirobotics.com,Arris Composites rakes in $10 mln Series A,Ambi Robotics ... announced the closing of a $26 million Series A funding round.,0.482759,0.480000,0.000000,0.085379,0.444919,0.112790,xent_neg,D:\Projects\webagg\data\runs\cert_formd_v2_cik0001764915.sqlite|D:\Projects\webagg\data\runs\cert_formd_v2_cik0001794061.sqlite,0
a01b7ea619355566,7246e2065c12d1a9:amount:88decd7d:A,c3a53c92001a7dfa:amount:6489d5b9:A,Magic Spoon Inc.,"Stoke Space Technologies, Inc.",funding_round/unknown,funding_round/unknown,www.rwbaird.com,capedge.com,"HighPost Capital (“HighPost”), a leading private investment firm focused on the global consumer and consumer technology sectors led an $85 million investment in Magic Spoon Inc. (""Magic Spoon"")","| D | $350.00 Mm in Equity, Sold $275.00 Mm, 28 Investors | Apr 16, 2026 | ||",0.478261,0.538462,0.000000,0.278188,0.944090,0.163834,xent_neg,D:\Projects\webagg\data\runs\cert_formd_v2_cik0001784084.sqlite|D:\Projects\webagg\data\runs\cert_formd_v2_cik0001861415.sqlite,0
2613a1daf651c2b5,014e06c0fa6deef7:amount:a6058b18:A,21f0b8e341dc29e2:amount:ecba9eac:A,MarginEdge,Magic Spoon,funding_round/series_d,funding_round/series_b,finance.yahoo.com,www.retaildive.com,Restaurant management and finance platform MarginEdge has secured $80m in Series D funding.,"It closed its $85 million Series B round in June, drawing funds from firms including HighPost Capital and celebrities including musicians Shakira and Nas, comedian Amy Schumer, and athletes Russell Westbrook and Odell Beckham Jr.",0.476190,0.571429,0.000000,0.189312,0.493736,0.116528,xent_neg,D:\Projects\webagg\data\runs\cert_formd_v2_cik0001739613.sqlite|D:\Projects\webagg\data\runs\cert_formd_v2_cik0001784084.sqlite,0
6eac49287482f0a7,014e06c0fa6deef7:amount:a6058b18:A,b06479c30cec90ee:amount:17a217a0:A,MarginEdge,Hadrian,funding_round/series_d,funding_round/series_d,finance.yahoo.com,www.prnewswire.com,Restaurant management and finance platform MarginEdge has secured $80m in Series D funding.,Hadrian ... today announced $1.37 billion in new equity financing,0.470588,0.615385,0.000000,0.227850,0.996718,0.170941,xent_neg,D:\Projects\webagg\data\runs\cert_formd_v2_cik0001739613.sqlite|D:\Projects\webagg\data\runs\cert_formd_v2_cik0001863211.sqlite,0
e1143fb343945fd9,338e98b4da973ccb:amount:5f20e5a9:A,efa8f18c4a67b059:amount:3787a3d5:A,Arris Composites,AMP Robotics Corp.,funding_round/series_a,funding_round/unknown,www.venturecapitaljournal.com,www.dailycamera.com,Arris Composites rakes in $10 mln Series A,"AMP Robotics Corp. brought in $55 million in its second round of funding last week, including an undisclosed investment from Google’s venture capital group. The Louisville-based company raised the funds from 10 investors in an all-equity ro",0.470588,0.480000,0.000000,0.146214,0.721785,0.137502,xent_neg,D:\Projects\webagg\data\runs\cert_formd_v2_cik0001699390.sqlite|D:\Projects\webagg\data\runs\cert_formd_v2_cik0001764915.sqlite,0
9f02e81feb7671ad,4644178299b6e8d2:amount:36d3e3f5:A,5ad0b8d1138c701f:amount:56b9b4ae:A,Arable,Aledade,funding_round/series_c,funding_round/series_e,startupintros.com,www.upmarket.co,"Jul 1, 2022 | $40M Series C | TOM Steyer | ... | Announced",Aledade closed a $123 million Series E in June 2022 to invest in value-based care for more seniors covered by Medicare Advantage and improve patient care.,0.461538,0.666667,0.000000,0.351937,0.839630,0.150695,xent_neg,D:\Projects\webagg\data\runs\cert_formd_v2_cik0001611176.sqlite|D:\Projects\webagg\data\runs\cert_formd_v2_cik0001696488.sqlite,0
ecdd7df4f989c915,21f0b8e341dc29e2:amount:ecba9eac:A,2f9f178b79c58e5c:amount:baa48c02:A,Magic Spoon,Stoke Space,funding_round/series_b,funding_round/series_d,www.retaildive.com,www.linkedin.com,"It closed its $85 million Series B round in June, drawing funds from firms including HighPost Capital and celebrities including musicians Shakira and Nas, comedian Amy Schumer, and athletes Russell Westbrook and Odell Beckham Jr.",Stoke Space has extended its previously announced Series D financing to $860M,0.454545,0.352941,0.000000,0.129210,0.545813,0.120821,xent_neg,D:\Projects\webagg\data\runs\cert_formd_v2_cik0001784084.sqlite|D:\Projects\webagg\data\runs\cert_formd_v2_cik0001861415.sqlite,0
02d77e7873133d6c,014e06c0fa6deef7:amount:a6058b18:A,46ff52ac8a5793fb:amount:0ceba78f:A,MarginEdge,Hinge Health,funding_round/series_d,funding_round/series_d,finance.yahoo.com,www.hingehealth.com,Restaurant management and finance platform MarginEdge has secured $80m in Series D funding.,Hinge Health raises $300M Series D at $3B valuation,0.454545,0.533333,0.000000,0.139896,0.884979,0.156257,xent_neg,D:\Projects\webagg\data\runs\cert_formd_v2_cik0001673743.sqlite|D:\Projects\webagg\data\runs\cert_formd_v2_cik0001739613.sqlite,0
161ce4a12cef0b68,2f9f178b79c58e5c:amount:baa48c02:A,d4ba69b850942315:post_money:bab892bb:A,Stoke Space,Squarespace,funding_round/series_d,funding_round/unknown,www.linkedin.com,meritech.substack.com,Stoke Space has extended its previously announced Series D financing to $860M,"recent fundraise of $305M at a $10B valuation led by Dragoneer, Tiger Global, and D1 Capital Partners",0.454545,0.625000,0.000000,0.375895,0.384786,0.108481,xent_neg,D:\Projects\webagg\data\runs\cert_formd_v2_cik0001496963.sqlite|D:\Projects\webagg\data\runs\cert_formd_v2_cik0001861415.sqlite,0
1f16252ac1a05fb3,46ff52ac8a5793fb:amount:0ceba78f:A,a12321a4640330be:amount:35701f87:A,Hinge Health,Element Science,funding_round/series_d,funding_round/series_c,www.hingehealth.com,globalventuring.com,Hinge Health raises $300M Series D at $3B valuation,GV was among those to have put $145.6m into the company last week.,0.444444,0.352941,0.000000,0.131555,0.312286,0.103801,xent_neg,D:\Projects\webagg\data\runs\cert_formd_v2_cik0001602935.sqlite|D:\Projects\webagg\data\runs\cert_formd_v2_cik0001673743.sqlite,0
59cc13b98d23be54,7246e2065c12d1a9:amount:88decd7d:A,bacefea3386a04a0:amount:7e1ab871:A,Magic Spoon Inc.,"Element Biosciences, Inc.",funding_round/unknown,funding_round/series_a,www.rwbaird.com,www.elementbiosciences.com,"HighPost Capital (“HighPost”), a leading private investment firm focused on the global consumer and consumer technology sectors led an $85 million investment in Magic Spoon Inc. (""Magic Spoon"")","Element Biosciences, Inc., a company focused on the development of genetic analysis tools secures $15 million in Series A funding led by Foresite Capital and Venrock.",0.439024,0.500000,0.000000,0.264608,0.270079,0.101265,xent_neg,D:\Projects\webagg\data\runs\cert_formd_v2_cik0001602935.sqlite|D:\Projects\webagg\data\runs\cert_formd_v2_cik0001784084.sqlite,0
56228a94d61cdc76,082210e5c15c3940:amount:e767ba43:A,21f0b8e341dc29e2:amount:ecba9eac:A,Crown Affair,Magic Spoon,funding_round/series_b,funding_round/series_b,www.beautyindependent.com,www.retaildive.com,"Crown Affair, a brand aiming to own the clean hairstyling space in prestige haircare, has secured $9 million in a series B funding round led by True Beauty Ventures.","It closed its $85 million Series B round in June, drawing funds from firms including HighPost Capital and celebrities including musicians Shakira and Nas, comedian Amy Schumer, and athletes Russell Westbrook and Odell Beckham Jr.",0.434783,0.285714,0.000000,0.262439,0.696912,0.134933,xent_neg,D:\Projects\webagg\data\runs\cert_formd_v2_cik0001784084.sqlite|D:\Projects\webagg\data\runs\cert_formd_v2_cik0001795606.sqlite,0
a8deeb728a213f8a,0888be448e525b55:amount:9ae62729:A,a1e306f8b431db35:amount:2fb063ed:A,Eleanor Health,Nth Cycle,funding_round/series_d,funding_round/series_b,bhbusiness.com,nthcycle.com,"In a Securities and Exchange Commission filing this February, Eleanor Health disclosed it had procured $22 million of the hoped for $30 million in the Series D round.",Nth Cycle ... has closed $37 million in Series B and an additional $7 million in non-dilutive financing,0.434783,0.363636,0.000000,0.132399,0.683300,0.133557,xent_neg,D:\Projects\webagg\data\runs\cert_formd_v2_cik0001783164.sqlite|D:\Projects\webagg\data\runs\cert_formd_v2_cik0001831650.sqlite,0
554ca0eb8e9d6343,30c56d0f9d506790:post_money:afa10530:A,74592b92fdc92b92:amount:523a1e6d:A,Squarespace Inc,Supabase,funding_round/unknown,funding_round/series_d,pe-insights.com,fortune.com,"it raised about $300 million in its latest funding round, valuing the website building and hosting company at $10 billion","In April, Term Sheet broke the news that Supabase had raised $200 million in an Accel-led Series D, valuing the company at $2 billion.",0.434783,0.571429,0.000000,0.255386,0.305683,0.103379,xent_neg,D:\Projects\webagg\data\runs\cert_formd_v2_cik0001496963.sqlite|D:\Projects\webagg\data\runs\cert_formd_v2_cik0001829334.sqlite,0
35a2106fee2116fb,338e98b4da973ccb:amount:5f20e5a9:A,f71c6e930da63366:amount:74a7d13e:A,Arris Composites,Amp Robotics,funding_round/series_a,funding_round/series_d,www.venturecapitaljournal.com,techcrunch.com,Arris Composites rakes in $10 mln Series A,That shift has now netted the company $91 million in fresh funding.,0.428571,0.500000,0.000000,0.062717,0.329514,0.104873,xent_neg,D:\Projects\webagg\data\runs\cert_formd_v2_cik0001699390.sqlite|D:\Projects\webagg\data\runs\cert_formd_v2_cik0001764915.sqlite,0
f4c1269697c495af,273651ede497aa69:amount:c7b5e0af:A,338e98b4da973ccb:amount:5f20e5a9:A,AMP Robotics,Arris Composites,funding_round/series_c,funding_round/series_a,www.therobotreport.com,www.venturecapitaljournal.com,"AMP Robotics, a company creating robots that can organize recycling, brought in $91 million in corporate equity in a Series C funding round.",Arris Composites rakes in $10 mln Series A,0.428571,0.434783,0.000000,0.062717,0.500821,0.117111,xent_neg,D:\Projects\webagg\data\runs\cert_formd_v2_cik0001699390.sqlite|D:\Projects\webagg\data\runs\cert_formd_v2_cik0001764915.sqlite,0
1c1d575ee13111f5,4644178299b6e8d2:amount:36d3e3f5:A,74592b92fdc92b92:amount:523a1e6d:A,Arable,Supabase,funding_round/series_c,funding_round/series_d,startupintros.com,fortune.com,"Jul 1, 2022 | $40M Series C | TOM Steyer | ... | Announced","In April, Term Sheet broke the news that Supabase had raised $200 million in an Accel-led Series D, valuing the company at $2 billion.",0.428571,0.545455,0.000000,0.149562,0.856357,0.152734,xent_neg,D:\Projects\webagg\data\runs\cert_formd_v2_cik0001696488.sqlite|D:\Projects\webagg\data\runs\cert_formd_v2_cik0001829334.sqlite,0
a72c957b15ab990b,30c56d0f9d506790:post_money:afa10530:A,c58627b690fc29fe:amount:e479de0f:A,Squarespace Inc,Loft Labs Inc,funding_round/unknown,funding_round/series_a,pe-insights.com,kando.tech,"it raised about $300 million in its latest funding round, valuing the website building and hosting company at $10 billion","Series A
Loft Labs Inc
Currency
United States Dollar
Value in original currency
24,000,000
Value in USD
24,000,000",0.428571,0.500000,0.000000,0.428279,0.409813,0.110227,xent_neg,D:\Projects\webagg\data\runs\cert_formd_v2_cik0001496963.sqlite|D:\Projects\webagg\data\runs\cert_formd_v2_cik0001885407.sqlite,0
3d8176cc11374fc9,2f9f178b79c58e5c:amount:baa48c02:A,74592b92fdc92b92:amount:523a1e6d:A,Stoke Space,Supabase,funding_round/series_d,funding_round/series_d,www.linkedin.com,fortune.com,Stoke Space has extended its previously announced Series D financing to $860M,"In April, Term Sheet broke the news that Supabase had raised $200 million in an Accel-led Series D, valuing the company at $2 billion.",0.421053,0.615385,0.000000,0.111549,0.931245,0.162160,xent_neg,D:\Projects\webagg\data\runs\cert_formd_v2_cik0001829334.sqlite|D:\Projects\webagg\data\runs\cert_formd_v2_cik0001861415.sqlite,0
ac5bd367357d46cc,014e06c0fa6deef7:amount:a6058b18:A,7229e1cd02f9d7ac:amount:ea2a3030:A,MarginEdge,AirGarage,funding_round/series_d,funding_round/series_b,finance.yahoo.com,www.linkedin.com,Restaurant management and finance platform MarginEdge has secured $80m in Series D funding.,We’re excited to share that AirGarage raised a $23M Series B led by Headline with participation from our existing investors and customers.,0.421053,0.461538,0.000000,0.171606,0.803179,0.146457,xent_neg,D:\Projects\webagg\data\runs\cert_formd_v2_cik0001739613.sqlite|D:\Projects\webagg\data\runs\cert_formd_v2_cik0001778486.sqlite,0
840dd568dada4df7,46ff52ac8a5793fb:amount:0ceba78f:A,b06479c30cec90ee:amount:17a217a0:A,Hinge Health,Hadrian,funding_round/series_d,funding_round/series_d,www.hingehealth.com,www.prnewswire.com,Hinge Health raises $300M Series D at $3B valuation,Hadrian ... today announced $1.37 billion in new equity financing,0.421053,0.600000,0.000000,0.174431,0.887893,0.156616,xent_neg,D:\Projects\webagg\data\runs\cert_formd_v2_cik0001673743.sqlite|D:\Projects\webagg\data\runs\cert_formd_v2_cik0001863211.sqlite,0
f746070559e8e701,0888be448e525b55:amount:9ae62729:A,620695ec069df738:amount:5d24aec8:A,Eleanor Health,Zap Energy,funding_round/series_d,funding_round/series_d,bhbusiness.com,legacy.zapenergy.com,"In a Securities and Exchange Commission filing this February, Eleanor Health disclosed it had procured $22 million of the hoped for $30 million in the Series D round.",Zap Energy has begun operations of Century ... and closed $130 million of fresh capital... Zap’s $130 million Series D was led by Soros Fund Management LLC,0.416667,0.352941,0.000000,0.074744,0.998905,0.171281,xent_neg,D:\Projects\webagg\data\runs\cert_formd_v2_cik0001714402.sqlite|D:\Projects\webagg\data\runs\cert_formd_v2_cik0001783164.sqlite,0
a3e04adac3c7ee9b,0888be448e525b55:amount:9ae62729:A,a12321a4640330be:amount:35701f87:A,Eleanor Health,Element Science,funding_round/series_d,funding_round/series_c,bhbusiness.com,globalventuring.com,"In a Securities and Exchange Commission filing this February, Eleanor Health disclosed it had procured $22 million of the hoped for $30 million in the Series D round.",GV was among those to have put $145.6m into the company last week.,0.413793,0.476190,0.000000,0.022889,0.399831,0.109550,xent_neg,D:\Projects\webagg\data\runs\cert_formd_v2_cik0001602935.sqlite|D:\Projects\webagg\data\runs\cert_formd_v2_cik0001783164.sqlite,0
eb158ba3e32fb440,0c6a18ba60f5f524:amount:8c342556:A,30c56d0f9d506790:post_money:afa10530:A,Stoke Space Technologies Inc.,Squarespace Inc,funding_round/unknown,funding_round/unknown,www.bloomberg.com,pe-insights.com,Stoke Space Technologies Inc. is raising $1 billion to accelerate development and production of a fully reusable rocket,"it raised about $300 million in its latest funding round, valuing the website building and hosting company at $10 billion",0.409091,0.545455,0.000000,0.407041,0.257365,0.100527,xent_neg,D:\Projects\webagg\data\runs\cert_formd_v2_cik0001496963.sqlite|D:\Projects\webagg\data\runs\cert_formd_v2_cik0001861415.sqlite,0
be2bf05d93bf9841,0c6a18ba60f5f524:amount:8c342556:A,bacefea3386a04a0:amount:7e1ab871:A,Stoke Space Technologies Inc.,"Element Biosciences, Inc.",funding_round/unknown,funding_round/series_a,www.bloomberg.com,www.elementbiosciences.com,Stoke Space Technologies Inc. is raising $1 billion to accelerate development and production of a fully reusable rocket,"Element Biosciences, Inc., a company focused on the development of genetic analysis tools secures $15 million in Series A funding led by Foresite Capital and Venrock.",0.407407,0.555556,0.000000,0.373300,0.238883,0.099493,xent_neg,D:\Projects\webagg\data\runs\cert_formd_v2_cik0001602935.sqlite|D:\Projects\webagg\data\runs\cert_formd_v2_cik0001861415.sqlite,0
7dbe306ee550a8d8,2f9f178b79c58e5c:amount:baa48c02:A,365d46d1f62167d1:amount:c75c7f75:A,Stoke Space,Apptronik,funding_round/series_d,funding_round/series_a,www.linkedin.com,apptronik.com,Stoke Space has extended its previously announced Series D financing to $860M,Apptronik today announced a $520 million Series A-X funding round,0.400000,0.461538,0.000000,0.122538,0.999452,0.171345,xent_neg,D:\Projects\webagg\data\runs\cert_formd_v2_cik0001861415.sqlite|D:\Projects\webagg\data\runs\cert_formd_v2_cik0001918029.sqlite,0
96c8e0a352b21184,a1e306f8b431db35:amount:2fb063ed:A,d947917acd25d535:amount:14cca0b4:A,Nth Cycle,the company,funding_round/series_b,funding_round/series_b,nthcycle.com,www.govconwire.com,Nth Cycle ... has closed $37 million in Series B and an additional $7 million in non-dilutive financing,"In October 2023, the company announced that it secured $100 million in a Series B financing round.",0.400000,0.571429,0.000000,0.161406,0.722181,0.137542,xent_neg,D:\Projects\webagg\data\runs\cert_formd_v2_cik0001831650.sqlite|D:\Projects\webagg\data\runs\cert_formd_v2_cik0001861415.sqlite,0
67034eb8759bed77,2f9f178b79c58e5c:amount:baa48c02:A,a1e306f8b431db35:amount:2fb063ed:A,Stoke Space,Nth Cycle,funding_round/series_d,funding_round/series_b,www.linkedin.com,nthcycle.com,Stoke Space has extended its previously announced Series D financing to $860M,Nth Cycle ... has closed $37 million in Series B and an additional $7 million in non-dilutive financing,0.400000,0.400000,0.000000,0.123851,0.894240,0.157434,xent_neg,D:\Projects\webagg\data\runs\cert_formd_v2_cik0001831650.sqlite|D:\Projects\webagg\data\runs\cert_formd_v2_cik0001861415.sqlite,0
6d196ea06b3d52d9,0888be448e525b55:amount:9ae62729:A,d947917acd25d535:amount:14cca0b4:A,Eleanor Health,the company,funding_round/series_d,funding_round/series_b,bhbusiness.com,www.govconwire.com,"In a Securities and Exchange Commission filing this February, Eleanor Health disclosed it had procured $22 million of the hoped for $30 million in the Series D round.","In October 2023, the company announced that it secured $100 million in a Series B financing round.",0.400000,0.375000,0.000000,0.283878,0.946161,0.164126,xent_neg,D:\Projects\webagg\data\runs\cert_formd_v2_cik0001783164.sqlite|D:\Projects\webagg\data\runs\cert_formd_v2_cik0001861415.sqlite,0
89c541ba92de6e71,014e06c0fa6deef7:amount:a6058b18:A,1ef6efb2dcf99821:amount:b24a9875:A,MarginEdge,Ebb Carbon,funding_round/series_d,funding_round/seed,finance.yahoo.com,vcnewsdaily.com,Restaurant management and finance platform MarginEdge has secured $80m in Series D funding.,"This adds to a previous seed funding round of $3 million,",0.400000,0.400000,0.000000,0.172848,0.515296,0.118278,xent_neg,D:\Projects\webagg\data\runs\cert_formd_v2_cik0001739613.sqlite|D:\Projects\webagg\data\runs\cert_formd_v2_cik0001896284.sqlite,0
31078d7a58bf7f21,daeab9ddf72519a2:amount:421c15b4:A,f39d58be1219ee54:post_money:954f50f3:A,Abodu,Stord,funding_round/series_a,funding_round/series_d,www.cbinsights.com,www.stord.com,"Abodu's latest funding round was a Series A for $20M on July 15, 2021.",increases the company’s valuation to $1.3 billion,0.400000,0.500000,0.000000,0.146965,0.336447,0.105310,xent_neg,D:\Projects\webagg\data\runs\cert_formd_v2_cik0001737506.sqlite|D:\Projects\webagg\data\runs\cert_formd_v2_cik0001818001.sqlite,0
995951fbff5d93da,bacefea3386a04a0:amount:7e1ab871:A,c3a53c92001a7dfa:amount:6489d5b9:A,"Element Biosciences, Inc.","Stoke Space Technologies, Inc.",funding_round/series_a,funding_round/unknown,www.elementbiosciences.com,capedge.com,"Element Biosciences, Inc., a company focused on the development of genetic analysis tools secures $15 million in Series A funding led by Foresite Capital and Venrock.","| D | $350.00 Mm in Equity, Sold $275.00 Mm, 28 Investors | Apr 16, 2026 | ||",0.400000,0.594595,0.000000,0.360969,0.254979,0.100392,xent_neg,D:\Projects\webagg\data\runs\cert_formd_v2_cik0001602935.sqlite|D:\Projects\webagg\data\runs\cert_formd_v2_cik0001861415.sqlite,0
3021d48efca9e7d2,30c56d0f9d506790:post_money:afa10530:A,c3a53c92001a7dfa:amount:6489d5b9:A,Squarespace Inc,"Stoke Space Technologies, Inc.",funding_round/unknown,funding_round/unknown,pe-insights.com,capedge.com,"it raised about $300 million in its latest funding round, valuing the website building and hosting company at $10 billion","| D | $350.00 Mm in Equity, Sold $275.00 Mm, 28 Investors | Apr 16, 2026 | ||",0.400000,0.533333,0.000000,0.374963,0.274706,0.101528,xent_neg,D:\Projects\webagg\data\runs\cert_formd_v2_cik0001496963.sqlite|D:\Projects\webagg\data\runs\cert_formd_v2_cik0001861415.sqlite,0
0853a46051e9aa11,30c56d0f9d506790:post_money:afa10530:A,a12321a4640330be:amount:35701f87:A,Squarespace Inc,Element Science,funding_round/unknown,funding_round/series_c,pe-insights.com,globalventuring.com,"it raised about $300 million in its latest funding round, valuing the website building and hosting company at $10 billion",GV was among those to have put $145.6m into the company last week.,0.400000,0.454545,0.000000,0.088218,0.931755,0.162243,xent_neg,D:\Projects\webagg\data\runs\cert_formd_v2_cik0001496963.sqlite|D:\Projects\webagg\data\runs\cert_formd_v2_cik0001602935.sqlite,0
f63b43c3f1dd50a1,7229e1cd02f9d7ac:amount:ea2a3030:A,d4ba69b850942315:post_money:bab892bb:A,AirGarage,Squarespace,funding_round/series_b,funding_round/unknown,www.linkedin.com,meritech.substack.com,We’re excited to share that AirGarage raised a $23M Series B led by Headline with participation from our existing investors and customers.,"recent fundraise of $305M at a $10B valuation led by Dragoneer, Tiger Global, and D1 Capital Partners",0.400000,0.470588,0.000000,0.196029,0.433370,0.111938,xent_neg,D:\Projects\webagg\data\runs\cert_formd_v2_cik0001496963.sqlite|D:\Projects\webagg\data\runs\cert_formd_v2_cik0001778486.sqlite,0
699e065f79ca94db,30c56d0f9d506790:post_money:afa10530:A,7246e2065c12d1a9:amount:88decd7d:A,Squarespace Inc,Magic Spoon Inc.,funding_round/unknown,funding_round/unknown,pe-insights.com,www.rwbaird.com,"it raised about $300 million in its latest funding round, valuing the website building and hosting company at $10 billion","HighPost Capital (“HighPost”), a leading private investment firm focused on the global consumer and consumer technology sectors led an $85 million investment in Magic Spoon Inc. (""Magic Spoon"")",0.387097,0.480000,0.000000,0.325535,0.290974,0.102494,xent_neg,D:\Projects\webagg\data\runs\cert_formd_v2_cik0001496963.sqlite|D:\Projects\webagg\data\runs\cert_formd_v2_cik0001784084.sqlite,0
e26e5530330e93da,014e06c0fa6deef7:amount:a6058b18:A,7246e2065c12d1a9:amount:88decd7d:A,MarginEdge,Magic Spoon Inc.,funding_round/series_d,funding_round/unknown,finance.yahoo.com,www.rwbaird.com,Restaurant management and finance platform MarginEdge has secured $80m in Series D funding.,"HighPost Capital (“HighPost”), a leading private investment firm focused on the global consumer and consumer technology sectors led an $85 million investment in Magic Spoon Inc. (""Magic Spoon"")",0.384615,0.571429,0.000000,0.158737,0.884979,0.156258,xent_neg,D:\Projects\webagg\data\runs\cert_formd_v2_cik0001739613.sqlite|D:\Projects\webagg\data\runs\cert_formd_v2_cik0001784084.sqlite,0
4145ccfe7853e804,2f9f178b79c58e5c:amount:baa48c02:A,30c56d0f9d506790:post_money:afa10530:A,Stoke Space,Squarespace Inc,funding_round/series_d,funding_round/unknown,www.linkedin.com,pe-insights.com,Stoke Space has extended its previously announced Series D financing to $860M,"it raised about $300 million in its latest funding round, valuing the website building and hosting company at $10 billion",0.384615,0.545455,0.000000,0.362253,0.284666,0.102114,xent_neg,D:\Projects\webagg\data\runs\cert_formd_v2_cik0001496963.sqlite|D:\Projects\webagg\data\runs\cert_formd_v2_cik0001861415.sqlite,0
fdc1e3174e345790,082210e5c15c3940:amount:e767ba43:A,365d46d1f62167d1:amount:c75c7f75:A,Crown Affair,Apptronik,funding_round/series_b,funding_round/series_a,www.beautyindependent.com,apptronik.com,"Crown Affair, a brand aiming to own the clean hairstyling space in prestige haircare, has secured $9 million in a series B funding round led by True Beauty Ventures.",Apptronik today announced a $520 million Series A-X funding round,0.380952,0.428571,0.000000,0.164172,0.782758,0.144142,xent_neg,D:\Projects\webagg\data\runs\cert_formd_v2_cik0001795606.sqlite|D:\Projects\webagg\data\runs\cert_formd_v2_cik0001918029.sqlite,0
c96e4d6b4afb3e5d,082210e5c15c3940:amount:e767ba43:A,7229e1cd02f9d7ac:amount:ea2a3030:A,Crown Affair,AirGarage,funding_round/series_b,funding_round/series_b,www.beautyindependent.com,www.linkedin.com,"Crown Affair, a brand aiming to own the clean hairstyling space in prestige haircare, has secured $9 million in a series B funding round led by True Beauty Ventures.",We’re excited to share that AirGarage raised a $23M Series B led by Headline with participation from our existing investors and customers.,0.380952,0.400000,0.000000,0.068379,0.882074,0.155916,xent_neg,D:\Projects\webagg\data\runs\cert_formd_v2_cik0001778486.sqlite|D:\Projects\webagg\data\runs\cert_formd_v2_cik0001795606.sqlite,0
2c778ca50aa20043,365d46d1f62167d1:amount:c75c7f75:A,f71c6e930da63366:amount:74a7d13e:A,Apptronik,Amp Robotics,funding_round/series_a,funding_round/series_d,apptronik.com,techcrunch.com,Apptronik today announced a $520 million Series A-X funding round,That shift has now netted the company $91 million in fresh funding.,0.380952,0.400000,0.000000,0.127661,0.788786,0.144826,xent_neg,D:\Projects\webagg\data\runs\cert_formd_v2_cik0001699390.sqlite|D:\Projects\webagg\data\runs\cert_formd_v2_cik0001918029.sqlite,0
993582de81acda79,0888be448e525b55:amount:9ae62729:A,5ad0b8d1138c701f:amount:56b9b4ae:A,Eleanor Health,Aledade,funding_round/series_d,funding_round/series_e,bhbusiness.com,www.upmarket.co,"In a Securities and Exchange Commission filing this February, Eleanor Health disclosed it had procured $22 million of the hoped for $30 million in the Series D round.",Aledade closed a $123 million Series E in June 2022 to invest in value-based care for more seniors covered by Medicare Advantage and improve patient care.,0.380952,0.545455,0.000000,0.185620,0.836874,0.150394,xent_neg,D:\Projects\webagg\data\runs\cert_formd_v2_cik0001611176.sqlite|D:\Projects\webagg\data\runs\cert_formd_v2_cik0001783164.sqlite,0
4ec655b55b6c2887,7229e1cd02f9d7ac:amount:ea2a3030:A,b06479c30cec90ee:amount:17a217a0:A,AirGarage,Hadrian,funding_round/series_b,funding_round/series_d,www.linkedin.com,www.prnewswire.com,We’re excited to share that AirGarage raised a $23M Series B led by Headline with participation from our existing investors and customers.,Hadrian ... today announced $1.37 billion in new equity financing,0.375000,0.500000,0.000000,0.246725,0.805824,0.146757,xent_neg,D:\Projects\webagg\data\runs\cert_formd_v2_cik0001778486.sqlite|D:\Projects\webagg\data\runs\cert_formd_v2_cik0001863211.sqlite,0
f432e40d0fd4b3ea,2f9f178b79c58e5c:amount:baa48c02:A,f39d58be1219ee54:post_money:954f50f3:A,Stoke Space,Stord,funding_round/series_d,funding_round/series_d,www.linkedin.com,www.stord.com,Stoke Space has extended its previously announced Series D financing to $860M,increases the company’s valuation to $1.3 billion,0.375000,0.750000,0.000000,0.289218,0.978321,0.168411,xent_neg,D:\Projects\webagg\data\runs\cert_formd_v2_cik0001737506.sqlite|D:\Projects\webagg\data\runs\cert_formd_v2_cik0001861415.sqlite,0
72b21b3827afae12,5ad0b8d1138c701f:amount:56b9b4ae:A,7229e1cd02f9d7ac:amount:ea2a3030:A,Aledade,AirGarage,funding_round/series_e,funding_round/series_b,www.upmarket.co,www.linkedin.com,Aledade closed a $123 million Series E in June 2022 to invest in value-based care for more seniors covered by Medicare Advantage and improve patient care.,We’re excited to share that AirGarage raised a $23M Series B led by Headline with participation from our existing investors and customers.,0.375000,0.400000,0.000000,0.393548,0.972442,0.167633,xent_neg,D:\Projects\webagg\data\runs\cert_formd_v2_cik0001611176.sqlite|D:\Projects\webagg\data\runs\cert_formd_v2_cik0001778486.sqlite,0
49d597725c04fa3b,2f9f178b79c58e5c:amount:baa48c02:A,7246e2065c12d1a9:amount:88decd7d:A,Stoke Space,Magic Spoon Inc.,funding_round/series_d,funding_round/unknown,www.linkedin.com,www.rwbaird.com,Stoke Space has extended its previously announced Series D financing to $860M,"HighPost Capital (“HighPost”), a leading private investment firm focused on the global consumer and consumer technology sectors led an $85 million investment in Magic Spoon Inc. (""Magic Spoon"")",0.370370,0.380952,0.000000,0.197790,0.978321,0.168448,xent_neg,D:\Projects\webagg\data\runs\cert_formd_v2_cik0001784084.sqlite|D:\Projects\webagg\data\runs\cert_formd_v2_cik0001861415.sqlite,0
e4f1c30f26f50f44,338e98b4da973ccb:amount:5f20e5a9:A,d947917acd25d535:amount:14cca0b4:A,Arris Composites,the company,funding_round/series_a,funding_round/series_b,www.venturecapitaljournal.com,www.govconwire.com,Arris Composites rakes in $10 mln Series A,"In October 2023, the company announced that it secured $100 million in a Series B financing round.",0.370370,0.380952,0.000000,0.180880,0.322017,0.104405,xent_neg,D:\Projects\webagg\data\runs\cert_formd_v2_cik0001764915.sqlite|D:\Projects\webagg\data\runs\cert_formd_v2_cik0001861415.sqlite,0
e9a0214e1c89ee20,1ee1efc78a10d41c:amount:ea7bce6b:A,a12321a4640330be:amount:35701f87:A,Illumio Inc.,Element Science,funding_round/series_f,funding_round/series_c,siliconangle.com,globalventuring.com,Illumio Inc. said it raised $225 million in a new late-stage round,GV was among those to have put $145.6m into the company last week.,0.370370,0.363636,0.000000,0.097610,0.772109,0.142961,xent_neg,D:\Projects\webagg\data\runs\cert_formd_v2_cik0001567658.sqlite|D:\Projects\webagg\data\runs\cert_formd_v2_cik0001602935.sqlite,0
39736100056b75bd,082210e5c15c3940:amount:e767ba43:A,1ef6efb2dcf99821:amount:b24a9875:A,Crown Affair,Ebb Carbon,funding_round/series_b,funding_round/seed,www.beautyindependent.com,vcnewsdaily.com,"Crown Affair, a brand aiming to own the clean hairstyling space in prestige haircare, has secured $9 million in a series B funding round led by True Beauty Ventures.","This adds to a previous seed funding round of $3 million,",0.363636,0.533333,0.000000,0.154078,0.727344,0.138091,xent_neg,D:\Projects\webagg\data\runs\cert_formd_v2_cik0001795606.sqlite|D:\Projects\webagg\data\runs\cert_formd_v2_cik0001896284.sqlite,0
7ef6ed9098c3d105,562c7d6f250d6a30:amount:63d19723:A,777f1ebae6736617:amount:24e21b17:A,Loft Labs,Ambi Robotics,funding_round/series_a,funding_round/series_a,www.fusionfund.com,www.ambirobotics.com,Loft Labs closed a $24M Series A led by Khosla Ventures.,Ambi Robotics ... announced the closing of a $26 million Series A funding round.,0.363636,0.428571,0.000000,0.109095,0.928697,0.161848,xent_neg,D:\Projects\webagg\data\runs\cert_formd_v2_cik0001794061.sqlite|D:\Projects\webagg\data\runs\cert_formd_v2_cik0001885407.sqlite,0
5321e657da89d3ce,4644178299b6e8d2:amount:36d3e3f5:A,daeab9ddf72519a2:amount:421c15b4:A,Arable,Abodu,funding_round/series_c,funding_round/series_a,startupintros.com,www.cbinsights.com,"Jul 1, 2022 | $40M Series C | TOM Steyer | ... | Announced","Abodu's latest funding round was a Series A for $20M on July 15, 2021.",0.363636,0.444444,0.000000,0.317015,0.302683,0.103203,xent_neg,D:\Projects\webagg\data\runs\cert_formd_v2_cik0001696488.sqlite|D:\Projects\webagg\data\runs\cert_formd_v2_cik0001818001.sqlite,0
8bb2fed0191d05ab,082210e5c15c3940:amount:e767ba43:A,7246e2065c12d1a9:amount:88decd7d:A,Crown Affair,Magic Spoon Inc.,funding_round/series_b,funding_round/unknown,www.beautyindependent.com,www.rwbaird.com,"Crown Affair, a brand aiming to own the clean hairstyling space in prestige haircare, has secured $9 million in a series B funding round led by True Beauty Ventures.","HighPost Capital (“HighPost”), a leading private investment firm focused on the global consumer and consumer technology sectors led an $85 million investment in Magic Spoon Inc. (""Magic Spoon"")",0.357143,0.315789,0.000000,0.307516,0.800542,0.146160,xent_neg,D:\Projects\webagg\data\runs\cert_formd_v2_cik0001784084.sqlite|D:\Projects\webagg\data\runs\cert_formd_v2_cik0001795606.sqlite,0
4c5f2e3344104d94,082210e5c15c3940:amount:e767ba43:A,338e98b4da973ccb:amount:5f20e5a9:A,Crown Affair,Arris Composites,funding_round/series_b,funding_round/series_a,www.beautyindependent.com,www.venturecapitaljournal.com,"Crown Affair, a brand aiming to own the clean hairstyling space in prestige haircare, has secured $9 million in a series B funding round led by True Beauty Ventures.",Arris Composites rakes in $10 mln Series A,0.357143,0.285714,0.000000,0.065247,0.332051,0.105048,xent_neg,D:\Projects\webagg\data\runs\cert_formd_v2_cik0001764915.sqlite|D:\Projects\webagg\data\runs\cert_formd_v2_cik0001795606.sqlite,0
529ad0ed8d4ea4a3,5a9a51ba61862e3c:date:2c579bb9:A,5a9a51ba61862e3c:post_money:677894b0:A,Squarespace,Squarespace,funding_round/series_a,funding_round/unknown,www.clay.com,www.clay.com,- Date: July 2010,"- Valuation at Round: USD 1,700,000,000",1.000000,1.000000,1.000000,1.000000,1.000000,0.310975,band,D:\Projects\webagg\data\runs\cert_formd_v2_cik0001496963.sqlite,1
628d2d3b15ef5cf5,3fb8f5ec9da61d04:amount:99532352:A,b1d1e0c7fa9ab44a:amount:322e48dc:A,Illumio,Illumio,funding_round/unknown,funding_round/series_f,www.law360.com,www.illumio.com,"Privately held adaptive cybersecurity company Illumio has closed on a $125 million funding round that will be used to fuel its growth in the data center and cloud security sectors, the company said Wednesday.","Secured a $225M Series F funding round at a $2.75B valuation, led by Thoma Bravo and supported by Franklin Templeton, funds managed by Hamilton Lane, Owl Rock (a division of Blue Owl Capital), and other leading enterprise investors.",1.000000,1.000000,0.000000,1.000000,0.951360,0.164663,band,D:\Projects\webagg\data\runs\cert_formd_v2_cik0001567658.sqlite,1
67fdb802291755ad,67908eeebf4e7c32:amount:5a688140:A,d1d209607c0f58dd:amount:406f3051:A,Illumio,Illumio,funding_round/series_d,funding_round/series_e,www.illumio.com,www.illumio.com,Illumio today announced that it has closed a $125 million Series D funding round led by clients advised by J.P. Morgan Asset Management.,today announced it has closed $65 million in Series E funding led by clients advised by J.P. Morgan Asset Management.,1.000000,1.000000,1.000000,1.000000,1.000000,0.310975,band,D:\Projects\webagg\data\runs\cert_formd_v2_cik0001567658.sqlite,1
25820554d5ea204e,ba5cb10a6b068eae:post_money:b2416d1d:A,d1d209607c0f58dd:amount:406f3051:A,Illumio,Illumio,funding_round/series_f,funding_round/series_e,www.illumio.com,www.illumio.com,"Secured a $225M Series F funding round at a $2.75B valuation, led by Thoma Bravo and supported by Franklin Templeton, funds managed by Hamilton Lane, Owl Rock (a division of Blue Owl Capital), and other leading enterprise investors.",today announced it has closed $65 million in Series E funding led by clients advised by J.P. Morgan Asset Management.,1.000000,1.000000,1.000000,1.000000,1.000000,0.310975,band,D:\Projects\webagg\data\runs\cert_formd_v2_cik0001567658.sqlite,1
b6cbb359a27c7543,12dcfaf02e0541cf:amount:65ec9d94:A,7265af6c2d076c84:amount:79d1553c:A,Aledade,Aledade,funding_round/series_d,funding_round/series_d,ventures.mckesson.com,www.alexanderjarvis.com,Aledade recently closed a $100 million Series D funding round,"In January 2021, Aledade secured $100 million in a Series D funding round led by Meritech Capital",1.000000,1.000000,0.000000,1.000000,0.871982,0.154505,band,D:\Projects\webagg\data\runs\cert_formd_v2_cik0001611176.sqlite,1
6eb7b07ca86669f0,675480dacc33c280:amount:dd0bb6d4:A,7265af6c2d076c84:amount:09cb00cc:A,Aledade,Aledade,funding_round/series_e,funding_round/unknown,www.orrick.com,www.alexanderjarvis.com,Aledade on its $123 million Series E financing round.,"| Jan 19, 2019 | Corporate Round – Aledade | 2 | $10M | Echo Health Ventures, Mosaic Health Solutions |",1.000000,1.000000,0.000000,1.000000,0.872938,0.154623,band,D:\Projects\webagg\data\runs\cert_formd_v2_cik0001611176.sqlite,1
8a8199775c4fa653,67a30bb897ec749b:amount:4e0434de:A,7265af6c2d076c84:amount:79d1553c:A,Aledade,Aledade,funding_round/series_a,funding_round/series_d,globalventuring.com,www.alexanderjarvis.com,The last two had provided $30m in series A funding in 2015,"In January 2021, Aledade secured $100 million in a Series D funding round led by Meritech Capital",1.000000,1.000000,0.000000,1.000000,0.872938,0.154623,band,D:\Projects\webagg\data\runs\cert_formd_v2_cik0001611176.sqlite,1
8edcf3607f558ab8,08718fc84e512edc:amount:0548ae2f:A,08718fc84e512edc:post_money:19502245:A,Hinge Health,Hinge Health,funding_round/series_b,funding_round/series_e,tracxn.com,tracxn.com,"Aug 09, 2018 | $26M | Series B","Oct 22, 2021 | $400M | Series E | $6.2B",1.000000,1.000000,1.000000,1.000000,1.000000,0.310975,band,D:\Projects\webagg\data\runs\cert_formd_v2_cik0001673743.sqlite,1
802d0d420c9d3064,1aea4584bec3835a:amount:509b3d32:A,5b6c5a662fd4534d:post_money:200f2f3b:A,Stord,Stord,funding_round/series_f,funding_round/series_f,www.linkedin.com,www.freightwaves.com,"Stord raised $250M in a Series F round at a $3B valuation, backed by investors including Strike Capital, Kleiner Perkins, Founders Fund, Franklin Templeton, Baillie Gifford, G Squared, Bond, and Lux Capital, among others.",raised $250 million in late-stage venture capital funding that values the company at $3 billion,1.000000,1.000000,0.000000,1.000000,1.000000,0.171259,band,D:\Projects\webagg\data\runs\cert_formd_v2_cik0001737506.sqlite,1
0f8729beac3faf95,2332fa6ee2ae505a:post_money:2ee0effb:A,9d8db6b3aa0f3062:amount:acc1bef2:A,Stord,Stord,funding_round/unknown,funding_round/unknown,fortune.com,www.linkedin.com,This round marks a valuation bump from the $1.3 billion the company fetched in its last round in 2022.,Stord has just secured an impressive $200 million in a recent funding round,1.000000,1.000000,0.000000,1.000000,0.999452,0.171183,band,D:\Projects\webagg\data\runs\cert_formd_v2_cik0001737506.sqlite,1
f84200cb277e2dd8,23c24457a4ebcba9:amount:f5719d2f:A,23c24457a4ebcba9:post_money:9269d4c2:A,Stord,Stord,funding_round/series_c,funding_round/series_c,tracxn.com,tracxn.com,"Mar 31, 2021 | $65M | Series C | $1.3B","Mar 31, 2021 | $65M | Series C | $1.3B",1.000000,1.000000,1.000000,1.000000,1.000000,0.310975,band,D:\Projects\webagg\data\runs\cert_formd_v2_cik0001737506.sqlite,1
ec22fe997e36a68a,23c24457a4ebcba9:post_money:006fd3c4:A,b2cf9c50d57a5013:amount:187419c7:A,Stord,Stord,funding_round/series_e,funding_round/series_d,tracxn.com,www.prnewswire.com,"Mar 18, 2025 | $200M | Series E | $1.5B",announced $90 million in Series D funding led by Kleiner Perkins,1.000000,1.000000,0.000000,1.000000,0.984775,0.169164,band,D:\Projects\webagg\data\runs\cert_formd_v2_cik0001737506.sqlite,1
47c22cfa37c6f1d5,23c24457a4ebcba9:post_money:9269d4c2:A,b2cf9c50d57a5013:amount:d83bbf76:A,Stord,Stord,funding_round/series_c,funding_round/series_c,tracxn.com,www.prnewswire.com,"Mar 31, 2021 | $65M | Series C | $1.3B",comes just six months after its $65 million Series C,1.000000,1.000000,0.000000,1.000000,0.984775,0.169164,band,D:\Projects\webagg\data\runs\cert_formd_v2_cik0001737506.sqlite,1
1d8d046899db1fc3,23c24457a4ebcba9:post_money:c42af385:A,23c24457a4ebcba9:post_money:c733da47:A,Stord,Stord,funding_round/series_d,funding_round/series_d,tracxn.com,tracxn.com,"Sep 13, 2021 | $95M | Series D | $1.1B","Apr 18, 2022 | $120M | Series D | $1.3B",1.000000,1.000000,1.000000,1.000000,1.000000,0.310975,band,D:\Projects\webagg\data\runs\cert_formd_v2_cik0001737506.sqlite,1
363be4b0af4ff11a,23c24457a4ebcba9:post_money:c42af385:A,b2cf9c50d57a5013:amount:187419c7:A,Stord,Stord,funding_round/series_d,funding_round/series_d,tracxn.com,www.prnewswire.com,"Sep 13, 2021 | $95M | Series D | $1.1B",announced $90 million in Series D funding led by Kleiner Perkins,1.000000,1.000000,0.000000,1.000000,0.984775,0.169164,band,D:\Projects\webagg\data\runs\cert_formd_v2_cik0001737506.sqlite,1
f21e441ef82c9049,daca693afc513828:post_money:876c52fd:A,f39d58be1219ee54:post_money:954f50f3:A,Stord,Stord,funding_round/series_f,funding_round/series_d,www.prnewswire.com,www.stord.com,a $250 million Series F funding round at a $3 billion valuation,increases the company’s valuation to $1.3 billion,1.000000,1.000000,0.000000,1.000000,0.923622,0.161027,band,D:\Projects\webagg\data\runs\cert_formd_v2_cik0001737506.sqlite,1
d7ce8e6a79679566,0815f56266c31062:post_money:72db8b05:A,1b4efce564b7ffb9:lead_investor:ab3229f4:A,Supabase,Supabase,funding_round/series_d,funding_round/series_e,fortune.com,supabase.com,"That term sheet became Supabase’s latest funding round, a $200 million Series D valuing the company at $2 billion, Fortune can exclusively report.","Supabase has raised a Series E from insiders, led by Accel and Peak XV.",1.000000,1.000000,0.000000,1.000000,0.914056,0.159795,band,D:\Projects\webagg\data\runs\cert_formd_v2_cik0001829334.sqlite,1
e50fb03290d818f5,131a7961381ccd55:investor:49bcea26:A,31f133f880b0241a:amount:e80729b4:A,Supabase,Supabase,funding_round/series_f,funding_round/unknown,supabase.com,finance.yahoo.com,"All existing investors joined the round, Stripe made a second investment.",This new influx of cash follows a $100 million round at a $5 billion valuation in October.,1.000000,1.000000,0.000000,1.000000,0.999452,0.171183,band,D:\Projects\webagg\data\runs\cert_formd_v2_cik0001829334.sqlite,1
a36f0c7129b90754,131a7961381ccd55:lead_investor:c706a1cd:A,1c0bb8b868ab04ba:amount:f59df35c:A,Supabase,Supabase,funding_round/series_f,funding_round/series_f,supabase.com,sacra.com,It’s led by GIC.,"Supabase raised a $500M Series F at a $10.5B post-money valuation in June 2026, led by GIC.",1.000000,1.000000,0.000000,1.000000,0.989643,0.169831,band,D:\Projects\webagg\data\runs\cert_formd_v2_cik0001829334.sqlite,1
e304f0795db5096c,131a7961381ccd55:pre_money:25f71dc3:A,74592b92fdc92b92:post_money:b2cc3bdb:A,Supabase,Supabase,funding_round/series_f,funding_round/series_d,supabase.com,fortune.com,Supabase has raised a $500M Series F at a $10B pre-money valuation.,"In April, Term Sheet broke the news that Supabase had raised $200 million in an Accel-led Series D, valuing the company at $2 billion.",1.000000,1.000000,0.000000,1.000000,0.874854,0.154859,band,D:\Projects\webagg\data\runs\cert_formd_v2_cik0001829334.sqlite,1
a97c7cdc121a04a2,1c0bb8b868ab04ba:amount:f59df35c:A,627491750cfdaaf5:amount:b0bf020e:A,Supabase,Supabase,funding_round/series_f,funding_round/series_f,sacra.com,www.thesaasnews.com,"Supabase raised a $500M Series F at a $10.5B post-money valuation in June 2026, led by GIC.","Supabase, a San Francisco-based open source Postgres development platform, has announced a $500 million Series F funding round",1.000000,1.000000,0.000000,1.000000,0.990185,0.169906,band,D:\Projects\webagg\data\runs\cert_formd_v2_cik0001829334.sqlite,1
162ea6f6f7613070,1c0bb8b868ab04ba:post_money:2e83488a:A,5507990482ca04c9:amount:dc1ee148:A,Supabase,Supabase,funding_round/series_f,funding_round/series_c,sacra.com,techcrunch.com,"Supabase raised a $500M Series F at a $10.5B post-money valuation in June 2026, led by GIC.",seven months after raising an $80 million Series C led by Sequoia spinoff Peak XV and David Sacks’ Craft Ventures at an undisclosed valuation.,1.000000,1.000000,0.000000,1.000000,0.865793,0.153745,band,D:\Projects\webagg\data\runs\cert_formd_v2_cik0001829334.sqlite,1
2400f9967e3e4ff4,1c0bb8b868ab04ba:post_money:2e83488a:A,b0393beee39b0161:post_money:d4ca4fe2:A,Supabase,Supabase,funding_round/series_f,funding_round/series_f,sacra.com,www.prnewswire.com,"Supabase raised a $500M Series F at a $10.5B post-money valuation in June 2026, led by GIC.",today announced a $500 million Series F at a $10.5 billion post-money valuation.,1.000000,1.000000,0.000000,1.000000,0.989643,0.169831,band,D:\Projects\webagg\data\runs\cert_formd_v2_cik0001829334.sqlite,1
1e77b8e837dd8daf,2039173fab7ce5d8:amount:e02b2f7a:A,dfc7470cf9941b5b:post_money:46948da1:A,Supabase,Supabase,funding_round/unknown,funding_round/series_f,siliconangle.com,pulse2.com,"After its previous $200 million round in April, the company disclosed that its installed base included more than 2 million developers.",... announced a $500 million Series F funding round at a $10.5 billion post-money valuation.,1.000000,1.000000,0.000000,1.000000,0.874374,0.154800,band,D:\Projects\webagg\data\runs\cert_formd_v2_cik0001829334.sqlite,1
fef370c691e8b68c,2039173fab7ce5d8:post_money:4086b341:A,e9ffb83673dd9cf4:amount:79f86ddd:A,Supabase,Supabase,funding_round/series_e,funding_round/unknown,siliconangle.com,techcrunch.com,Supabase is now worth $5 billion.,seven months after Supabase announced it raised $80 million led by Peak XV (a Sequoia spinoff) and David Sacks’ Craft Ventures.,1.000000,1.000000,0.000000,1.000000,0.914056,0.159795,band,D:\Projects\webagg\data\runs\cert_formd_v2_cik0001829334.sqlite,1
dfeb08e3e0a13808,31f133f880b0241a:post_money:7876c6e0:A,b4ce671e8fe75023:amount:942a9a14:A,Supabase,Supabase,funding_round/unknown,funding_round/series_f,finance.yahoo.com,www.linkedin.com,closing $200 million at $2 billion.,GIC is excited to lead Supabase’s $500 million Series F funding round,1.000000,1.000000,0.000000,1.000000,1.000000,0.171259,band,D:\Projects\webagg\data\runs\cert_formd_v2_cik0001829334.sqlite,1
508e76f68d54c6a0,31f133f880b0241a:post_money:b4e9a1b2:A,3ab3d8da1e43a368:post_money:d42f598a:A,Supabase,Supabase,funding_round/series_f,funding_round/series_f,finance.yahoo.com,mlq.ai,That's about $10.5 billion after the investment.,valuing the company at $10.5 billion post-money,1.000000,1.000000,0.000000,1.000000,0.999452,0.171183,band,D:\Projects\webagg\data\runs\cert_formd_v2_cik0001829334.sqlite,1
b1ac20c703263d29,3b14ffacac0862c9:post_money:a19565f0:A,a3518f8d067f22ab:post_money:fb887772:A,Supabase,Supabase,funding_round/series_e,funding_round/series_e,www.linkedin.com,www.linkedin.com,"Supabase: $100 Million Series E At $5 Billion Valuation Raised For Postgres Development Platform: Supabase, an open-source Postgres development platform, has announced the close of a $100 million Series E funding round, valuing the company ",Supabase has raised $100 million in Series E funding at a $5 billion valuation.,1.000000,1.000000,1.000000,1.000000,0.925142,0.296843,band,D:\Projects\webagg\data\runs\cert_formd_v2_cik0001829334.sqlite,1
7e1d483a75b24662,4345e9867b219e26:post_money:b33f8583:A,5507990482ca04c9:post_money:d0b1a923:A,Supabase,Supabase,funding_round/series_f,funding_round/series_e,newscord.org,techcrunch.com,"Valuation hits about $10.5 billion post-money, doubling in eight months.",raised a fresh $100 million Series E at a $5 billion valuation,1.000000,1.000000,0.000000,1.000000,0.874854,0.154859,band,D:\Projects\webagg\data\runs\cert_formd_v2_cik0001829334.sqlite,1
b3b82bf4d5ff5b81,5507990482ca04c9:amount:6ea58e7a:A,6e9f337c331fe9e2:post_money:647aee96:A,Supabase,Supabase,funding_round/series_d,funding_round/unknown,techcrunch.com,techcrunch.com,"four months after closing its $200 million Series D at a $2 billion valuation, led by Accel.",And that raise came just months after closing $200 million at $2 billion.,1.000000,1.000000,1.000000,1.000000,0.874374,0.287245,band,D:\Projects\webagg\data\runs\cert_formd_v2_cik0001829334.sqlite,1
c07a12e4adde48b4,6e9f337c331fe9e2:post_money:dc8887fe:A,d7d661236f75d050:amount:f0962484:A,Supabase,Supabase,funding_round/unknown,funding_round/series_f,techcrunch.com,www.orrick.com,This new influx of cash follows a $100 million round at a $5 billion valuation in October.,Supabase ... has completed a $500 million Series F at a $10.5 billion valuation.,1.000000,1.000000,0.000000,1.000000,0.969250,0.167056,band,D:\Projects\webagg\data\runs\cert_formd_v2_cik0001829334.sqlite,1
a5e2e238db37ce42,6e9f337c331fe9e2:post_money:f2e23400:A,c383ab81b0b3c76a:amount:4d22e2b7:A,Supabase,Supabase,funding_round/series_f,funding_round/series_e,techcrunch.com,www.orrick.com,That’s about $10.5 billion after the investment.,"Supabase has completed a $100 million Series E financing led by Accel and Peak XV, at a $5 billion valuation, with participation from Figma Ventures along with existing investors YC, Coatue, Felicis, Craft and Square Peg.",1.000000,1.000000,0.000000,1.000000,0.918575,0.160375,band,D:\Projects\webagg\data\runs\cert_formd_v2_cik0001829334.sqlite,1
4db2cc83bc608674,74592b92fdc92b92:amount:523a1e6d:A,c383ab81b0b3c76a:amount:4d22e2b7:A,Supabase,Supabase,funding_round/series_d,funding_round/series_e,fortune.com,www.orrick.com,"In April, Term Sheet broke the news that Supabase had raised $200 million in an Accel-led Series D, valuing the company at $2 billion.","Supabase has completed a $100 million Series E financing led by Accel and Peak XV, at a $5 billion valuation, with participation from Figma Ventures along with existing investors YC, Coatue, Felicis, Craft and Square Peg.",1.000000,1.000000,0.000000,1.000000,0.951881,0.164732,band,D:\Projects\webagg\data\runs\cert_formd_v2_cik0001829334.sqlite,1
81e2cac650cd2fa3,7ac1fc3e81235541:pre_money:91bdbde6:A,d3830cc1e83597ab:post_money:0181a465:A,Supabase,Supabase,funding_round/series_e,funding_round/series_e,www.linkedin.com,www.builtinsf.com,... raised the funds at a $5 billion pre-money valuation ...,"...a $100 million Series E funding round, which values the company at $5 billion.",1.000000,1.000000,0.000000,1.000000,0.999452,0.171183,band,D:\Projects\webagg\data\runs\cert_formd_v2_cik0001829334.sqlite,1
9d3f873b46e1655f,a3518f8d067f22ab:amount:11939d73:A,b4ce671e8fe75023:amount:942a9a14:A,Supabase,Supabase,funding_round/series_e,funding_round/series_f,www.linkedin.com,www.linkedin.com,"Supabase ... raised $100,000,000 in a Series E led by Accel and Peak XV Partners",GIC is excited to lead Supabase’s $500 million Series F funding round,1.000000,1.000000,1.000000,1.000000,0.808920,0.274914,band,D:\Projects\webagg\data\runs\cert_formd_v2_cik0001829334.sqlite,1
170a8274138c7def,dfc7470cf9941b5b:post_money:46948da1:A,f7afaa08fcd5bf16:post_money:071aafde:A,Supabase,Supabase,funding_round/series_f,funding_round/series_f,pulse2.com,itbrief.news,... announced a $500 million Series F funding round at a $10.5 billion post-money valuation.,valuing the database software company at USD $10.5 billion post-money.,1.000000,1.000000,0.000000,1.000000,0.997811,0.170956,band,D:\Projects\webagg\data\runs\cert_formd_v2_cik0001829334.sqlite,1
bf34ce53ed67a045,101121a00535a7d4:amount:86885a40:A,2f9f178b79c58e5c:amount:baa48c02:A,Stoke Space,Stoke Space,funding_round/series_d,funding_round/series_d,orbitaleconomics.substack.com,www.linkedin.com,Stoke Space just extended its Series D from $510 million to $860 million — a $350 million top-up in roughly four months.,Stoke Space has extended its previously announced Series D financing to $860M,1.000000,1.000000,0.000000,1.000000,1.000000,0.171259,band,D:\Projects\webagg\data\runs\cert_formd_v2_cik0001861415.sqlite,1
4e96f93cadfe1bc1,494d7f86e065a24c:amount:c040d759:A,c3a53c92001a7dfa:amount:85588448:A,Stoke Space,"Stoke Space Technologies, Inc.",funding_round/series_c,funding_round/unknown,www.washingtontechnology.com,capedge.com,"Stoke Space, the five-year-old launch systems maker that closed a $260 million Series C round in January","| D | $9.14m in Equity, Sold $9.14m, 37 Investors | May 10, 2021 |",1.000000,1.000000,0.000000,0.732674,0.901620,0.158229,band,D:\Projects\webagg\data\runs\cert_formd_v2_cik0001861415.sqlite,1
6719fe120bec521a,494d7f86e065a24c:amount:c040d759:A,fe16d9febca5dc15:amount:fed62304:A,Stoke Space,Stoke Space Technologies,funding_round/series_c,funding_round/series_d,www.washingtontechnology.com,starpath.global,"Stoke Space, the five-year-old launch systems maker that closed a $260 million Series C round in January","announced an extension of its previous Series D financing, bringing the total amount raised in the round to $860 million.",1.000000,1.000000,0.000000,0.709760,0.933288,0.162306,band,D:\Projects\webagg\data\runs\cert_formd_v2_cik0001861415.sqlite,1
80654e94ea55c765,6543062fe329a227:amount:7f06470b:A,c58627b690fc29fe:amount:e479de0f:A,Loft Labs,Loft Labs Inc,funding_round/series_a,funding_round/series_a,vcnewsdaily.com,kando.tech,"Creators of vCluster and DevPod, Loft Labs today announced $24 million Series A funding.","Series A
Loft Labs Inc
Currency
United States Dollar
Value in original currency
24,000,000
Value in USD
24,000,000",1.000000,1.000000,0.000000,0.907673,1.000000,0.171266,band,D:\Projects\webagg\data\runs\cert_formd_v2_cik0001885407.sqlite,1
